"ROUTE","TAXON","SOURCE_URL","AUTHOR","LICENSE","ATTRIBUTION_REQUIRED","TAXON_CONFIDENCE","USAGE_ALLOWED","LOCAL_TARGET","STATUS"
"/plantes/pilea","Pilea peperomioides","https://commons.wikimedia.org/wiki/File:Pilea_peperomioides_Chinese_money_plant.jpg","Husky","CC0 1.0","NO","HIGH","YES","/pilea-peperomioides-plante.jpg","INTEGRATED_FROM_EXISTING_CONTROLLED_ASSET"
"/plantes/peperomia","Peperomia argyraea","https://commons.wikimedia.org/wiki/File:Watermelon_Peperomia_(Peperomia_argyreia).jpg","Mokkie","CC BY-SA 4.0","YES","HIGH","YES","/peperomia-argyreia-feuillage.jpg","INTEGRATED_FROM_EXISTING_CONTROLLED_ASSET"
"/plantes/cactus","Cactaceae collection","https://unsplash.com/photos/a-variety-of-cactus-plants-in-a-greenhouse-Ip9vn5h-aSE","Anita Austvika","Unsplash License","NO","FAMILY_LEVEL_ONLY","YES","/cactus-collection-serre.jpg","INTEGRATED_FROM_EXISTING_CONTROLLED_ASSET"
"/plantes/epipremnum","Epipremnum aureum","https://commons.wikimedia.org/wiki/File:Epipremnum_aureum_(Golden_pothos).jpg","Filo gèn’","CC BY-SA 4.0","YES","HIGH","YES","/epipremnum-aureum-pothos.jpg","INTEGRATED_FROM_EXISTING_CONTROLLED_ASSET"
"/plantes/monstera/esqueleto","SEE_ROUTE","OWNER_PHOTOGRAPHY_REQUIRED","Owner/Tibaldo à confirmer","OWNER_RIGHTS_CONFIRMATION_REQUIRED","OWNER_DECISION","REQUIRES_LABEL_AND_SPECIMEN","NOT_YET","TO_DEFINE","DO_NOT_DEPLOY — Sujet identifié et étiqueté ‘Esqueleto’, feuille adulte entière sans personne ni décor ambigu"
"/plantes/maranta/lemon-lime","SEE_ROUTE","OWNER_PHOTOGRAPHY_REQUIRED","Owner/Tibaldo à confirmer","OWNER_RIGHTS_CONFIRMATION_REQUIRED","OWNER_DECISION","REQUIRES_LABEL_AND_SPECIMEN","NOT_YET","TO_DEFINE","DO_NOT_DEPLOY — Sujet ‘Lemon Lime’ étiqueté, vue d’ensemble et détail des nervures vertes"
"/plantes/alocasia/melo","SEE_ROUTE","OWNER_PHOTOGRAPHY_REQUIRED","Owner/Tibaldo à confirmer","OWNER_RIGHTS_CONFIRMATION_REQUIRED","OWNER_DECISION","REQUIRES_LABEL_AND_SPECIMEN","NOT_YET","TO_DEFINE","DO_NOT_DEPLOY — Portrait net + détail de texture du limbe"
"/plantes/anthurium/luxurians","SEE_ROUTE","OWNER_PHOTOGRAPHY_REQUIRED","Owner/Tibaldo à confirmer","OWNER_RIGHTS_CONFIRMATION_REQUIRED","OWNER_DECISION","REQUIRES_LABEL_AND_SPECIMEN","NOT_YET","TO_DEFINE","DO_NOT_DEPLOY — Portrait + détail du gaufrage foliaire"
"/plantes/anthurium/warocqueanum","SEE_ROUTE","OWNER_PHOTOGRAPHY_REQUIRED","Owner/Tibaldo à confirmer","OWNER_RIGHTS_CONFIRMATION_REQUIRED","OWNER_DECISION","REQUIRES_LABEL_AND_SPECIMEN","NOT_YET","TO_DEFINE","DO_NOT_DEPLOY — Feuille entière avec base et apex + vue du port"
"/plantes/monstera/thai-constellation","SEE_ROUTE","OWNER_PHOTOGRAPHY_REQUIRED","Owner/Tibaldo à confirmer","OWNER_RIGHTS_CONFIRMATION_REQUIRED","OWNER_DECISION","REQUIRES_LABEL_AND_SPECIMEN","NOT_YET","TO_DEFINE","DO_NOT_DEPLOY — Feuille mature entière + détail stable de panachure"
"/plantes/monstera/mint","SEE_ROUTE","OWNER_PHOTOGRAPHY_REQUIRED","Owner/Tibaldo à confirmer","OWNER_RIGHTS_CONFIRMATION_REQUIRED","OWNER_DECISION","REQUIRES_LABEL_AND_SPECIMEN","NOT_YET","TO_DEFINE","DO_NOT_DEPLOY — Feuille mature entière + détail de panachure"
"/plantes/monstera/adansonii","SEE_ROUTE","OWNER_PHOTOGRAPHY_REQUIRED","Owner/Tibaldo à confirmer","OWNER_RIGHTS_CONFIRMATION_REQUIRED","OWNER_DECISION","REQUIRES_LABEL_AND_SPECIMEN","NOT_YET","TO_DEFINE","DO_NOT_DEPLOY — Port grimpant + feuille adulte fenêtrée"
"/plantes/epipremnum/marble-queen","SEE_ROUTE","OWNER_PHOTOGRAPHY_REQUIRED","Owner/Tibaldo à confirmer","OWNER_RIGHTS_CONFIRMATION_REQUIRED","OWNER_DECISION","REQUIRES_LABEL_AND_SPECIMEN","NOT_YET","TO_DEFINE","DO_NOT_DEPLOY — Port + feuille panachée exacte du cultivar"
"/plantes/anthurium/pallidiflorum","SEE_ROUTE","OWNER_PHOTOGRAPHY_REQUIRED","Owner/Tibaldo à confirmer","OWNER_RIGHTS_CONFIRMATION_REQUIRED","OWNER_DECISION","REQUIRES_LABEL_AND_SPECIMEN","NOT_YET","TO_DEFINE","DO_NOT_DEPLOY — Feuille pendante entière + vue de la plante"
"/plantes/anthurium/delta-force","SEE_ROUTE","OWNER_PHOTOGRAPHY_REQUIRED","Owner/Tibaldo à confirmer","OWNER_RIGHTS_CONFIRMATION_REQUIRED","OWNER_DECISION","REQUIRES_LABEL_AND_SPECIMEN","NOT_YET","TO_DEFINE","DO_NOT_DEPLOY — Feuille adulte triangulaire + plante entière avec étiquette"
"/plantes/monstera/burle-marx-flame","SEE_ROUTE","OWNER_PHOTOGRAPHY_REQUIRED","Owner/Tibaldo à confirmer","OWNER_RIGHTS_CONFIRMATION_REQUIRED","OWNER_DECISION","REQUIRES_LABEL_AND_SPECIMEN","NOT_YET","TO_DEFINE","DO_NOT_DEPLOY — Sujet d’identité horticole documentée, feuille mature et étiquette"
"/plantes/anthurium/regale","SEE_ROUTE","OWNER_PHOTOGRAPHY_REQUIRED","Owner/Tibaldo à confirmer","OWNER_RIGHTS_CONFIRMATION_REQUIRED","OWNER_DECISION","REQUIRES_LABEL_AND_SPECIMEN","NOT_YET","TO_DEFINE","DO_NOT_DEPLOY — Feuille adulte entière + nervures"
"/plantes/alocasia/imperial-red","SEE_ROUTE","OWNER_PHOTOGRAPHY_REQUIRED","Owner/Tibaldo à confirmer","OWNER_RIGHTS_CONFIRMATION_REQUIRED","OWNER_DECISION","REQUIRES_LABEL_AND_SPECIMEN","NOT_YET","TO_DEFINE","DO_NOT_DEPLOY — Plante entière + revers/pétiole rouge"
"/plantes/asparagus/plumosus","SEE_ROUTE","OWNER_PHOTOGRAPHY_REQUIRED","Owner/Tibaldo à confirmer","OWNER_RIGHTS_CONFIRMATION_REQUIRED","OWNER_DECISION","REQUIRES_LABEL_AND_SPECIMEN","NOT_YET","TO_DEFINE","DO_NOT_DEPLOY — Port vaporeux entier + détail des cladodes"
"/plantes/epiphyllum/anguliger","SEE_ROUTE","OWNER_PHOTOGRAPHY_REQUIRED","Owner/Tibaldo à confirmer","OWNER_RIGHTS_CONFIRMATION_REQUIRED","OWNER_DECISION","REQUIRES_LABEL_AND_SPECIMEN","NOT_YET","TO_DEFINE","DO_NOT_DEPLOY — Port retombant + détail des tiges zigzag"
"/plantes/philodendron/gloriosum","SEE_ROUTE","OWNER_PHOTOGRAPHY_REQUIRED","Owner/Tibaldo à confirmer","OWNER_RIGHTS_CONFIRMATION_REQUIRED","OWNER_DECISION","REQUIRES_LABEL_AND_SPECIMEN","NOT_YET","TO_DEFINE","DO_NOT_DEPLOY — Port rampant + feuille veloutée adulte"
"/plantes/monstera/obliqua","SEE_ROUTE","OWNER_PHOTOGRAPHY_REQUIRED","Owner/Tibaldo à confirmer","OWNER_RIGHTS_CONFIRMATION_REQUIRED","OWNER_DECISION","REQUIRES_LABEL_AND_SPECIMEN","NOT_YET","TO_DEFINE","DO_NOT_DEPLOY — Seulement avec identité/provenance établie ; feuille adulte + étiquette"
"/plantes/strelitzia/reginae","SEE_ROUTE","OWNER_PHOTOGRAPHY_REQUIRED","Owner/Tibaldo à confirmer","OWNER_RIGHTS_CONFIRMATION_REQUIRED","OWNER_DECISION","REQUIRES_LABEL_AND_SPECIMEN","NOT_YET","TO_DEFINE","DO_NOT_DEPLOY — Port entier et, si disponible, inflorescence"
"/plantes/calathea","SEE_ROUTE","OWNER_PHOTOGRAPHY_REQUIRED","Owner/Tibaldo à confirmer","OWNER_RIGHTS_CONFIRMATION_REQUIRED","OWNER_DECISION","REQUIRES_LABEL_AND_SPECIMEN","NOT_YET","TO_DEFINE","DO_NOT_DEPLOY — Collection Goeppertia correctement identifiée pour le hub ; première priorité G. orbifolia"
