"URL","TYPE_PAGE","FAMILLE","GENRE","ESPECE","CULTIVAR","PHOTO_HERO","PHOTO_CARTE","PHOTO_FEUILLE","PHOTO_HUB","PHOTO_SOURCE","PHOTO_RIGHTS_STATUS","PLACEHOLDER","PHOTO_SUSPECTE","CONTENU_COMPLET","LIENS_INTERNES","PRIORITE","HTTP_STATUS","CANONICAL","H1_COUNT"
"https://jungle.tibaldo.fr/","OTHER_JUNGLE_CONTENT","","","","","NOT_AUDITED_AS_BOTANICAL_MEDIA","","","","","OUT_OF_BOTANICAL_MEDIA_SCOPE","OUT_OF_SCOPE","NO","HTTP_AND_STRUCTURE_PRESENT","75","OUT_OF_MEDIA_SCOPE","200","https://jungle.tibaldo.fr/","1"
"https://jungle.tibaldo.fr/plantes","GLOBAL_PLANT_HUB","","","","","NOT_AUDITED_AS_BOTANICAL_MEDIA","","","","","OUT_OF_BOTANICAL_MEDIA_SCOPE","OUT_OF_SCOPE","NO","HTTP_AND_STRUCTURE_PRESENT","108","OUT_OF_MEDIA_SCOPE","200","https://jungle.tibaldo.fr/plantes","1"
"https://jungle.tibaldo.fr/fleurs","OTHER_JUNGLE_CONTENT","","","","","NOT_AUDITED_AS_BOTANICAL_MEDIA","","","","","OUT_OF_BOTANICAL_MEDIA_SCOPE","OUT_OF_SCOPE","NO","HTTP_AND_STRUCTURE_PRESENT","71","OUT_OF_MEDIA_SCOPE","200","https://jungle.tibaldo.fr/fleurs","1"
"https://jungle.tibaldo.fr/substrats","OTHER_JUNGLE_CONTENT","","","","","NOT_AUDITED_AS_BOTANICAL_MEDIA","","","","","OUT_OF_BOTANICAL_MEDIA_SCOPE","OUT_OF_SCOPE","NO","HTTP_AND_STRUCTURE_PRESENT","76","OUT_OF_MEDIA_SCOPE","200","https://jungle.tibaldo.fr/substrats","1"
"https://jungle.tibaldo.fr/rempotage","OTHER_JUNGLE_CONTENT","","","","","NOT_AUDITED_AS_BOTANICAL_MEDIA","","","","","OUT_OF_BOTANICAL_MEDIA_SCOPE","OUT_OF_SCOPE","NO","HTTP_AND_STRUCTURE_PRESENT","67","OUT_OF_MEDIA_SCOPE","200","https://jungle.tibaldo.fr/rempotage","1"
"https://jungle.tibaldo.fr/evenements","OTHER_JUNGLE_CONTENT","","","","","NOT_AUDITED_AS_BOTANICAL_MEDIA","","","","","OUT_OF_BOTANICAL_MEDIA_SCOPE","OUT_OF_SCOPE","NO","HTTP_AND_STRUCTURE_PRESENT","62","OUT_OF_MEDIA_SCOPE","200","https://jungle.tibaldo.fr/evenements","1"
"https://jungle.tibaldo.fr/services","OTHER_JUNGLE_CONTENT","","","","","NOT_AUDITED_AS_BOTANICAL_MEDIA","","","","","OUT_OF_BOTANICAL_MEDIA_SCOPE","OUT_OF_SCOPE","NO","HTTP_AND_STRUCTURE_PRESENT","69","OUT_OF_MEDIA_SCOPE","200","https://jungle.tibaldo.fr/services","1"
"https://jungle.tibaldo.fr/coulisses","OTHER_JUNGLE_CONTENT","","","","","NOT_AUDITED_AS_BOTANICAL_MEDIA","","","","","OUT_OF_BOTANICAL_MEDIA_SCOPE","OUT_OF_SCOPE","NO","HTTP_AND_STRUCTURE_PRESENT","60","OUT_OF_MEDIA_SCOPE","200","https://jungle.tibaldo.fr/coulisses","1"
"https://jungle.tibaldo.fr/contact","OTHER_JUNGLE_CONTENT","","","","","NOT_AUDITED_AS_BOTANICAL_MEDIA","","","","","OUT_OF_BOTANICAL_MEDIA_SCOPE","OUT_OF_SCOPE","NO","HTTP_AND_STRUCTURE_PRESENT","60","OUT_OF_MEDIA_SCOPE","200","https://jungle.tibaldo.fr/contact","1"
"https://jungle.tibaldo.fr/boutique-plantes-lille","OTHER_JUNGLE_CONTENT","","","","","NOT_AUDITED_AS_BOTANICAL_MEDIA","","","","","OUT_OF_BOTANICAL_MEDIA_SCOPE","OUT_OF_SCOPE","NO","HTTP_AND_STRUCTURE_PRESENT","65","OUT_OF_MEDIA_SCOPE","200","https://jungle.tibaldo.fr/boutique-plantes-lille","1"
"https://jungle.tibaldo.fr/substrats-en-vrac-lille","OTHER_JUNGLE_CONTENT","","","","","NOT_AUDITED_AS_BOTANICAL_MEDIA","","","","","OUT_OF_BOTANICAL_MEDIA_SCOPE","OUT_OF_SCOPE","NO","HTTP_AND_STRUCTURE_PRESENT","63","OUT_OF_MEDIA_SCOPE","200","https://jungle.tibaldo.fr/substrats-en-vrac-lille","1"
"https://jungle.tibaldo.fr/pots-cache-pots-lille","OTHER_JUNGLE_CONTENT","","","","","NOT_AUDITED_AS_BOTANICAL_MEDIA","","","","","OUT_OF_BOTANICAL_MEDIA_SCOPE","OUT_OF_SCOPE","NO","HTTP_AND_STRUCTURE_PRESENT","64","OUT_OF_MEDIA_SCOPE","200","https://jungle.tibaldo.fr/pots-cache-pots-lille","1"
"https://jungle.tibaldo.fr/fleurs-sur-commande-lille","OTHER_JUNGLE_CONTENT","","","","","NOT_AUDITED_AS_BOTANICAL_MEDIA","","","","","OUT_OF_BOTANICAL_MEDIA_SCOPE","OUT_OF_SCOPE","NO","HTTP_AND_STRUCTURE_PRESENT","64","OUT_OF_MEDIA_SCOPE","200","https://jungle.tibaldo.fr/fleurs-sur-commande-lille","1"
"https://jungle.tibaldo.fr/fleurs-mariage-lille","OTHER_JUNGLE_CONTENT","","","","","NOT_AUDITED_AS_BOTANICAL_MEDIA","","","","","OUT_OF_BOTANICAL_MEDIA_SCOPE","OUT_OF_SCOPE","NO","HTTP_AND_STRUCTURE_PRESENT","62","OUT_OF_MEDIA_SCOPE","200","https://jungle.tibaldo.fr/fleurs-mariage-lille","1"
"https://jungle.tibaldo.fr/fleurs-evenement-lille","OTHER_JUNGLE_CONTENT","","","","","NOT_AUDITED_AS_BOTANICAL_MEDIA","","","","","OUT_OF_BOTANICAL_MEDIA_SCOPE","OUT_OF_SCOPE","NO","HTTP_AND_STRUCTURE_PRESENT","62","OUT_OF_MEDIA_SCOPE","200","https://jungle.tibaldo.fr/fleurs-evenement-lille","1"
"https://jungle.tibaldo.fr/livraison-plantes-lille","OTHER_JUNGLE_CONTENT","","","","","NOT_AUDITED_AS_BOTANICAL_MEDIA","","","","","OUT_OF_BOTANICAL_MEDIA_SCOPE","OUT_OF_SCOPE","NO","HTTP_AND_STRUCTURE_PRESENT","62","OUT_OF_MEDIA_SCOPE","200","https://jungle.tibaldo.fr/livraison-plantes-lille","1"
"https://jungle.tibaldo.fr/mur-vegetal-naturel-lille","OTHER_JUNGLE_CONTENT","","","","","NOT_AUDITED_AS_BOTANICAL_MEDIA","","","","","OUT_OF_BOTANICAL_MEDIA_SCOPE","OUT_OF_SCOPE","NO","HTTP_AND_STRUCTURE_PRESENT","63","OUT_OF_MEDIA_SCOPE","200","https://jungle.tibaldo.fr/mur-vegetal-naturel-lille","1"
"https://jungle.tibaldo.fr/sos-plantes","OTHER_JUNGLE_CONTENT","","","","","NOT_AUDITED_AS_BOTANICAL_MEDIA","","","","","OUT_OF_BOTANICAL_MEDIA_SCOPE","OUT_OF_SCOPE","NO","HTTP_AND_STRUCTURE_PRESENT","65","OUT_OF_MEDIA_SCOPE","200","https://jungle.tibaldo.fr/sos-plantes","1"
"https://jungle.tibaldo.fr/conseils","OTHER_JUNGLE_CONTENT","","","","","NOT_AUDITED_AS_BOTANICAL_MEDIA","","","","","OUT_OF_BOTANICAL_MEDIA_SCOPE","OUT_OF_SCOPE","NO","HTTP_AND_STRUCTURE_PRESENT","78","OUT_OF_MEDIA_SCOPE","200","https://jungle.tibaldo.fr/conseils","1"
"https://jungle.tibaldo.fr/plantes/bananiers","HUB_GENRE_OR_GROUP","","bananiers","","","HONEST_MEDIA_GAP","","","HONEST_MEDIA_GAP","","NO_MEDIA","YES","NO","HTTP_AND_STRUCTURE_PRESENT","69","P2_PHOTO_REQUIRED","200","https://jungle.tibaldo.fr/plantes/bananiers","1"
"https://jungle.tibaldo.fr/conseils/feuilles-jaunes-plantes-interieur","OTHER_JUNGLE_CONTENT","","","","","NOT_AUDITED_AS_BOTANICAL_MEDIA","","","","","OUT_OF_BOTANICAL_MEDIA_SCOPE","OUT_OF_SCOPE","NO","HTTP_AND_STRUCTURE_PRESENT","61","OUT_OF_MEDIA_SCOPE","200","https://jungle.tibaldo.fr/conseils/feuilles-jaunes-plantes-interieur","1"
"https://jungle.tibaldo.fr/conseils/thrips-plantes-interieur","OTHER_JUNGLE_CONTENT","","","","","NOT_AUDITED_AS_BOTANICAL_MEDIA","","","","","OUT_OF_BOTANICAL_MEDIA_SCOPE","OUT_OF_SCOPE","NO","HTTP_AND_STRUCTURE_PRESENT","61","OUT_OF_MEDIA_SCOPE","200","https://jungle.tibaldo.fr/conseils/thrips-plantes-interieur","1"
"https://jungle.tibaldo.fr/conseils/arroser-plantes-interieur","OTHER_JUNGLE_CONTENT","","","","","NOT_AUDITED_AS_BOTANICAL_MEDIA","","","","","OUT_OF_BOTANICAL_MEDIA_SCOPE","OUT_OF_SCOPE","NO","HTTP_AND_STRUCTURE_PRESENT","61","OUT_OF_MEDIA_SCOPE","200","https://jungle.tibaldo.fr/conseils/arroser-plantes-interieur","1"
"https://jungle.tibaldo.fr/conseils/choisir-substrat-plante-interieur","OTHER_JUNGLE_CONTENT","","","","","NOT_AUDITED_AS_BOTANICAL_MEDIA","","","","","OUT_OF_BOTANICAL_MEDIA_SCOPE","OUT_OF_SCOPE","NO","HTTP_AND_STRUCTURE_PRESENT","61","OUT_OF_MEDIA_SCOPE","200","https://jungle.tibaldo.fr/conseils/choisir-substrat-plante-interieur","1"
"https://jungle.tibaldo.fr/conseils/lumiere-plantes-interieur","OTHER_JUNGLE_CONTENT","","","","","NOT_AUDITED_AS_BOTANICAL_MEDIA","","","","","OUT_OF_BOTANICAL_MEDIA_SCOPE","OUT_OF_SCOPE","NO","HTTP_AND_STRUCTURE_PRESENT","61","OUT_OF_MEDIA_SCOPE","200","https://jungle.tibaldo.fr/conseils/lumiere-plantes-interieur","1"
"https://jungle.tibaldo.fr/conseils/pot-perce-cache-pot-coupelle","OTHER_JUNGLE_CONTENT","","","","","NOT_AUDITED_AS_BOTANICAL_MEDIA","","","","","OUT_OF_BOTANICAL_MEDIA_SCOPE","OUT_OF_SCOPE","NO","HTTP_AND_STRUCTURE_PRESENT","61","OUT_OF_MEDIA_SCOPE","200","https://jungle.tibaldo.fr/conseils/pot-perce-cache-pot-coupelle","1"
"https://jungle.tibaldo.fr/conseils/engrais-plantes-interieur","OTHER_JUNGLE_CONTENT","","","","","NOT_AUDITED_AS_BOTANICAL_MEDIA","","","","","OUT_OF_BOTANICAL_MEDIA_SCOPE","OUT_OF_SCOPE","NO","HTTP_AND_STRUCTURE_PRESENT","61","OUT_OF_MEDIA_SCOPE","200","https://jungle.tibaldo.fr/conseils/engrais-plantes-interieur","1"
"https://jungle.tibaldo.fr/conseils/plantes-interieur-hiver","OTHER_JUNGLE_CONTENT","","","","","NOT_AUDITED_AS_BOTANICAL_MEDIA","","","","","OUT_OF_BOTANICAL_MEDIA_SCOPE","OUT_OF_SCOPE","NO","HTTP_AND_STRUCTURE_PRESENT","61","OUT_OF_MEDIA_SCOPE","200","https://jungle.tibaldo.fr/conseils/plantes-interieur-hiver","1"
"https://jungle.tibaldo.fr/conseils/humidite-plantes-tropicales","OTHER_JUNGLE_CONTENT","","","","","NOT_AUDITED_AS_BOTANICAL_MEDIA","","","","","OUT_OF_BOTANICAL_MEDIA_SCOPE","OUT_OF_SCOPE","NO","HTTP_AND_STRUCTURE_PRESENT","61","OUT_OF_MEDIA_SCOPE","200","https://jungle.tibaldo.fr/conseils/humidite-plantes-tropicales","1"
"https://jungle.tibaldo.fr/conseils/araignees-rouges-plantes","OTHER_JUNGLE_CONTENT","","","","","NOT_AUDITED_AS_BOTANICAL_MEDIA","","","","","OUT_OF_BOTANICAL_MEDIA_SCOPE","OUT_OF_SCOPE","NO","HTTP_AND_STRUCTURE_PRESENT","61","OUT_OF_MEDIA_SCOPE","200","https://jungle.tibaldo.fr/conseils/araignees-rouges-plantes","1"
"https://jungle.tibaldo.fr/conseils/choisir-plante-selon-piece","OTHER_JUNGLE_CONTENT","","","","","NOT_AUDITED_AS_BOTANICAL_MEDIA","","","","","OUT_OF_BOTANICAL_MEDIA_SCOPE","OUT_OF_SCOPE","NO","HTTP_AND_STRUCTURE_PRESENT","61","OUT_OF_MEDIA_SCOPE","200","https://jungle.tibaldo.fr/conseils/choisir-plante-selon-piece","1"
"https://jungle.tibaldo.fr/conseils/nettoyer-feuilles-plantes","OTHER_JUNGLE_CONTENT","","","","","NOT_AUDITED_AS_BOTANICAL_MEDIA","","","","","OUT_OF_BOTANICAL_MEDIA_SCOPE","OUT_OF_SCOPE","NO","HTTP_AND_STRUCTURE_PRESENT","61","OUT_OF_MEDIA_SCOPE","200","https://jungle.tibaldo.fr/conseils/nettoyer-feuilles-plantes","1"
"https://jungle.tibaldo.fr/fleurs/rose","OTHER_JUNGLE_CONTENT","","","","","NOT_AUDITED_AS_BOTANICAL_MEDIA","","","","","OUT_OF_BOTANICAL_MEDIA_SCOPE","OUT_OF_SCOPE","NO","HTTP_AND_STRUCTURE_PRESENT","67","OUT_OF_MEDIA_SCOPE","200","https://jungle.tibaldo.fr/fleurs/rose","1"
"https://jungle.tibaldo.fr/fleurs/pivoine","OTHER_JUNGLE_CONTENT","","","","","NOT_AUDITED_AS_BOTANICAL_MEDIA","","","","","OUT_OF_BOTANICAL_MEDIA_SCOPE","OUT_OF_SCOPE","NO","HTTP_AND_STRUCTURE_PRESENT","67","OUT_OF_MEDIA_SCOPE","200","https://jungle.tibaldo.fr/fleurs/pivoine","1"
"https://jungle.tibaldo.fr/fleurs/gypsophile","OTHER_JUNGLE_CONTENT","","","","","NOT_AUDITED_AS_BOTANICAL_MEDIA","","","","","OUT_OF_BOTANICAL_MEDIA_SCOPE","OUT_OF_SCOPE","NO","HTTP_AND_STRUCTURE_PRESENT","67","OUT_OF_MEDIA_SCOPE","200","https://jungle.tibaldo.fr/fleurs/gypsophile","1"
"https://jungle.tibaldo.fr/fleurs/hortensia","OTHER_JUNGLE_CONTENT","","","","","NOT_AUDITED_AS_BOTANICAL_MEDIA","","","","","OUT_OF_BOTANICAL_MEDIA_SCOPE","OUT_OF_SCOPE","NO","HTTP_AND_STRUCTURE_PRESENT","67","OUT_OF_MEDIA_SCOPE","200","https://jungle.tibaldo.fr/fleurs/hortensia","1"
"https://jungle.tibaldo.fr/fleurs/renoncule","OTHER_JUNGLE_CONTENT","","","","","NOT_AUDITED_AS_BOTANICAL_MEDIA","","","","","OUT_OF_BOTANICAL_MEDIA_SCOPE","OUT_OF_SCOPE","NO","HTTP_AND_STRUCTURE_PRESENT","67","OUT_OF_MEDIA_SCOPE","200","https://jungle.tibaldo.fr/fleurs/renoncule","1"
"https://jungle.tibaldo.fr/substrats/terreau-signature","OTHER_JUNGLE_CONTENT","","","","","NOT_AUDITED_AS_BOTANICAL_MEDIA","","","","","OUT_OF_BOTANICAL_MEDIA_SCOPE","OUT_OF_SCOPE","NO","HTTP_AND_STRUCTURE_PRESENT","64","OUT_OF_MEDIA_SCOPE","200","https://jungle.tibaldo.fr/substrats/terreau-signature","1"
"https://jungle.tibaldo.fr/substrats/ecorce-de-pin","OTHER_JUNGLE_CONTENT","","","","","NOT_AUDITED_AS_BOTANICAL_MEDIA","","","","","OUT_OF_BOTANICAL_MEDIA_SCOPE","OUT_OF_SCOPE","NO","HTTP_AND_STRUCTURE_PRESENT","64","OUT_OF_MEDIA_SCOPE","200","https://jungle.tibaldo.fr/substrats/ecorce-de-pin","1"
"https://jungle.tibaldo.fr/substrats/chips-coco","OTHER_JUNGLE_CONTENT","","","","","NOT_AUDITED_AS_BOTANICAL_MEDIA","","","","","OUT_OF_BOTANICAL_MEDIA_SCOPE","OUT_OF_SCOPE","NO","HTTP_AND_STRUCTURE_PRESENT","64","OUT_OF_MEDIA_SCOPE","200","https://jungle.tibaldo.fr/substrats/chips-coco","1"
"https://jungle.tibaldo.fr/substrats/perlite","OTHER_JUNGLE_CONTENT","","","","","NOT_AUDITED_AS_BOTANICAL_MEDIA","","","","","OUT_OF_BOTANICAL_MEDIA_SCOPE","OUT_OF_SCOPE","NO","HTTP_AND_STRUCTURE_PRESENT","64","OUT_OF_MEDIA_SCOPE","200","https://jungle.tibaldo.fr/substrats/perlite","1"
"https://jungle.tibaldo.fr/substrats/sphaigne-sechee","OTHER_JUNGLE_CONTENT","","","","","NOT_AUDITED_AS_BOTANICAL_MEDIA","","","","","OUT_OF_BOTANICAL_MEDIA_SCOPE","OUT_OF_SCOPE","NO","HTTP_AND_STRUCTURE_PRESENT","64","OUT_OF_MEDIA_SCOPE","200","https://jungle.tibaldo.fr/substrats/sphaigne-sechee","1"
"https://jungle.tibaldo.fr/substrats/charbon-actif","OTHER_JUNGLE_CONTENT","","","","","NOT_AUDITED_AS_BOTANICAL_MEDIA","","","","","OUT_OF_BOTANICAL_MEDIA_SCOPE","OUT_OF_SCOPE","NO","HTTP_AND_STRUCTURE_PRESENT","64","OUT_OF_MEDIA_SCOPE","200","https://jungle.tibaldo.fr/substrats/charbon-actif","1"
"https://jungle.tibaldo.fr/substrats/billes-argile","OTHER_JUNGLE_CONTENT","","","","","NOT_AUDITED_AS_BOTANICAL_MEDIA","","","","","OUT_OF_BOTANICAL_MEDIA_SCOPE","OUT_OF_SCOPE","NO","HTTP_AND_STRUCTURE_PRESENT","64","OUT_OF_MEDIA_SCOPE","200","https://jungle.tibaldo.fr/substrats/billes-argile","1"
"https://jungle.tibaldo.fr/substrats/vermiculite","OTHER_JUNGLE_CONTENT","","","","","NOT_AUDITED_AS_BOTANICAL_MEDIA","","","","","OUT_OF_BOTANICAL_MEDIA_SCOPE","OUT_OF_SCOPE","NO","HTTP_AND_STRUCTURE_PRESENT","64","OUT_OF_MEDIA_SCOPE","200","https://jungle.tibaldo.fr/substrats/vermiculite","1"
"https://jungle.tibaldo.fr/substrats/zeolite","OTHER_JUNGLE_CONTENT","","","","","NOT_AUDITED_AS_BOTANICAL_MEDIA","","","","","OUT_OF_BOTANICAL_MEDIA_SCOPE","OUT_OF_SCOPE","NO","HTTP_AND_STRUCTURE_PRESENT","64","OUT_OF_MEDIA_SCOPE","200","https://jungle.tibaldo.fr/substrats/zeolite","1"
"https://jungle.tibaldo.fr/plantes/agave","HUB_GENRE_OR_GROUP","","agave","","","HONEST_MEDIA_GAP","","","HONEST_MEDIA_GAP","","NO_MEDIA","YES","NO","HTTP_AND_STRUCTURE_PRESENT","64","P2_PHOTO_REQUIRED","200","https://jungle.tibaldo.fr/plantes/agave","1"
"https://jungle.tibaldo.fr/plantes/fatsia","HUB_GENRE_OR_GROUP","","fatsia","","","HONEST_MEDIA_GAP","","","HONEST_MEDIA_GAP","","NO_MEDIA","YES","NO","HTTP_AND_STRUCTURE_PRESENT","64","P2_PHOTO_REQUIRED","200","https://jungle.tibaldo.fr/plantes/fatsia","1"
"https://jungle.tibaldo.fr/plantes/strelitzia","HUB_GENRE_OR_GROUP","","strelitzia","","","HONEST_MEDIA_GAP","","","HONEST_MEDIA_GAP","","NO_MEDIA","YES","NO","HTTP_AND_STRUCTURE_PRESENT","68","P2_PHOTO_REQUIRED","200","https://jungle.tibaldo.fr/plantes/strelitzia","1"
"https://jungle.tibaldo.fr/plantes/aloe","HUB_GENRE_OR_GROUP","","aloe","","","HONEST_MEDIA_GAP","","","HONEST_MEDIA_GAP","","NO_MEDIA","YES","NO","HTTP_AND_STRUCTURE_PRESENT","64","P2_PHOTO_REQUIRED","200","https://jungle.tibaldo.fr/plantes/aloe","1"
"https://jungle.tibaldo.fr/plantes/chlorophytum","HUB_GENRE_OR_GROUP","","chlorophytum","","","HONEST_MEDIA_GAP","","","HONEST_MEDIA_GAP","","NO_MEDIA","YES","NO","HTTP_AND_STRUCTURE_PRESENT","64","P2_PHOTO_REQUIRED","200","https://jungle.tibaldo.fr/plantes/chlorophytum","1"
"https://jungle.tibaldo.fr/plantes/yucca","HUB_GENRE_OR_GROUP","","yucca","","","HONEST_MEDIA_GAP","","","HONEST_MEDIA_GAP","","NO_MEDIA","YES","NO","HTTP_AND_STRUCTURE_PRESENT","64","P2_PHOTO_REQUIRED","200","https://jungle.tibaldo.fr/plantes/yucca","1"
"https://jungle.tibaldo.fr/plantes/cycas","HUB_GENRE_OR_GROUP","","cycas","","","/media/images/cycas-revoluta/cycas-revoluta-terrasse-tibaldo.webp","","","/media/images/cycas-revoluta/cycas-revoluta-terrasse-tibaldo.webp","","RIGHTS_CONTROLLED_NOT_FULLY_PROVEN","NO","NO","HTTP_AND_STRUCTURE_PRESENT","64","P3_ENRICH_LATER","200","https://jungle.tibaldo.fr/plantes/cycas","1"
"https://jungle.tibaldo.fr/plantes/dicksonia","HUB_GENRE_OR_GROUP","","dicksonia","","","HONEST_MEDIA_GAP","","","HONEST_MEDIA_GAP","","NO_MEDIA","YES","NO","HTTP_AND_STRUCTURE_PRESENT","64","P2_PHOTO_REQUIRED","200","https://jungle.tibaldo.fr/plantes/dicksonia","1"
"https://jungle.tibaldo.fr/plantes/plumeria","HUB_GENRE_OR_GROUP","","plumeria","","","HONEST_MEDIA_GAP","","","HONEST_MEDIA_GAP","","NO_MEDIA","YES","NO","HTTP_AND_STRUCTURE_PRESENT","64","P2_PHOTO_REQUIRED","200","https://jungle.tibaldo.fr/plantes/plumeria","1"
"https://jungle.tibaldo.fr/plantes/equisetum","HUB_GENRE_OR_GROUP","","equisetum","","","HONEST_MEDIA_GAP","","","HONEST_MEDIA_GAP","","NO_MEDIA","YES","NO","HTTP_AND_STRUCTURE_PRESENT","64","P2_PHOTO_REQUIRED","200","https://jungle.tibaldo.fr/plantes/equisetum","1"
"https://jungle.tibaldo.fr/plantes/ficus","HUB_GENRE_OR_GROUP","","ficus","","","/media/final-media-v35/ficus-elastica-port.webp","","","/media/final-media-v35/ficus-elastica-port.webp","https://commons.wikimedia.org/wiki/File:Ficus_elastica_(rubber_plant).jpg","RIGHTS_VERIFIED","NO","NO","HTTP_AND_STRUCTURE_PRESENT","64","P3_ENRICH_LATER","200","https://jungle.tibaldo.fr/plantes/ficus","1"
"https://jungle.tibaldo.fr/plantes/syngonium","HUB_GENRE_OR_GROUP","","syngonium","","","/media/final-media-v35/syngonium-podophyllum-feuillage.webp","","","/media/final-media-v35/syngonium-podophyllum-feuillage.webp","https://commons.wikimedia.org/wiki/File:Syngonium_podophyllum_10zz.jpg","RIGHTS_VERIFIED","NO","NO","HTTP_AND_STRUCTURE_PRESENT","64","P3_ENRICH_LATER","200","https://jungle.tibaldo.fr/plantes/syngonium","1"
"https://jungle.tibaldo.fr/plantes/hoya","HUB_GENRE_OR_GROUP","","hoya","","","/media/final-media-v35/hoya-carnosa-port.webp","","","/media/final-media-v35/hoya-carnosa-port.webp","https://commons.wikimedia.org/wiki/File:Hoya_carnosa_-_Begonia_House_-_Wellington_Botanic_Garden_-_Wellington,_NZ_-_DSC09338.jpg","RIGHTS_VERIFIED","NO","NO","HTTP_AND_STRUCTURE_PRESENT","64","P3_ENRICH_LATER","200","https://jungle.tibaldo.fr/plantes/hoya","1"
"https://jungle.tibaldo.fr/plantes/sansevieria","HUB_GENRE_OR_GROUP","","sansevieria","","","/media/final-media-v35/dracaena-trifasciata-port.webp","","","/media/final-media-v35/dracaena-trifasciata-port.webp","https://commons.wikimedia.org/wiki/File:Dracaena_Trifasciata_Plant.jpg","RIGHTS_VERIFIED","NO","NO","HTTP_AND_STRUCTURE_PRESENT","64","P3_ENRICH_LATER","200","https://jungle.tibaldo.fr/plantes/sansevieria","1"
"https://jungle.tibaldo.fr/plantes/fougeres","HUB_GENRE_OR_GROUP","","fougeres","","","HONEST_MEDIA_GAP","","","HONEST_MEDIA_GAP","","NO_MEDIA","YES","NO","HTTP_AND_STRUCTURE_PRESENT","63","P1_EMPTY_HUB","200","https://jungle.tibaldo.fr/plantes/fougeres","1"
"https://jungle.tibaldo.fr/plantes/musa","HUB_GENRE_OR_GROUP","","musa","","","HONEST_MEDIA_GAP","","","HONEST_MEDIA_GAP","","NO_MEDIA","YES","NO","HTTP_AND_STRUCTURE_PRESENT","66","P2_PHOTO_REQUIRED","200","https://jungle.tibaldo.fr/plantes/musa","1"
"https://jungle.tibaldo.fr/plantes/ensete","HUB_GENRE_OR_GROUP","","ensete","","","HONEST_MEDIA_GAP","","","HONEST_MEDIA_GAP","","NO_MEDIA","YES","NO","HTTP_AND_STRUCTURE_PRESENT","64","P2_PHOTO_REQUIRED","200","https://jungle.tibaldo.fr/plantes/ensete","1"
"https://jungle.tibaldo.fr/plantes/alocasia","HUB_GENRE_OR_GROUP","","alocasia","","","/media/alocasia-cuprea-feuillage.jpg","","","/media/alocasia-cuprea-feuillage.jpg","https://commons.wikimedia.org/wiki/File:Alocasia_cuprea_(portrait_orientation).jpg","RIGHTS_VERIFIED","NO","NO","HTTP_AND_STRUCTURE_PRESENT","76","P3_ENRICH_LATER","200","https://jungle.tibaldo.fr/plantes/alocasia","1"
"https://jungle.tibaldo.fr/plantes/anthurium","HUB_GENRE_OR_GROUP","","anthurium","","","/media/anthurium-veitchii-king.jpg","","","/media/anthurium-veitchii-king.jpg","https://commons.wikimedia.org/wiki/File:Anthurium_veitchii-King_Anthurium.jpg","RIGHTS_VERIFIED","NO","NO","HTTP_AND_STRUCTURE_PRESENT","77","P3_ENRICH_LATER","200","https://jungle.tibaldo.fr/plantes/anthurium","1"
"https://jungle.tibaldo.fr/plantes/monstera","HUB_GENRE_OR_GROUP","","monstera","","","/media/final-media-v35/monstera-deliciosa-jonathan-borba-pexels.webp","","","/media/final-media-v35/monstera-deliciosa-jonathan-borba-pexels.webp","https://www.pexels.com/fr-fr/photo/feuilles-de-monstera-d-un-vert-luxuriant-a-la-texture-naturelle-37181425/","RIGHTS_VERIFIED","NO","NO","HTTP_AND_STRUCTURE_PRESENT","75","P3_ENRICH_LATER","200","https://jungle.tibaldo.fr/plantes/monstera","1"
"https://jungle.tibaldo.fr/plantes/philodendron","HUB_GENRE_OR_GROUP","","philodendron","","","/philodendron-billietiae-feuilles-ondulees.jpg","","","/philodendron-billietiae-feuilles-ondulees.jpg","https://commons.wikimedia.org/wiki/File:Philodendron_billietiae_0zz.jpg","RIGHTS_VERIFIED","NO","NO","HTTP_AND_STRUCTURE_PRESENT","71","P3_ENRICH_LATER","200","https://jungle.tibaldo.fr/plantes/philodendron","1"
"https://jungle.tibaldo.fr/plantes/epipremnum","HUB_GENRE_OR_GROUP","","epipremnum","","","/epipremnum-aureum-pothos.jpg","","","/epipremnum-aureum-pothos.jpg","https://commons.wikimedia.org/wiki/File:Epipremnum_aureum_(Golden_pothos).jpg","RIGHTS_VERIFIED","NO","NO","HTTP_AND_STRUCTURE_PRESENT","64","P3_ENRICH_LATER","200","https://jungle.tibaldo.fr/plantes/epipremnum","1"
"https://jungle.tibaldo.fr/plantes/asparagus","HUB_GENRE_OR_GROUP","","asparagus","","","HONEST_MEDIA_GAP","","","HONEST_MEDIA_GAP","","NO_MEDIA","YES","NO","HTTP_AND_STRUCTURE_PRESENT","64","P2_PHOTO_REQUIRED","200","https://jungle.tibaldo.fr/plantes/asparagus","1"
"https://jungle.tibaldo.fr/plantes/colocasia","HUB_GENRE_OR_GROUP","","colocasia","","","/colocasia-esculenta-feuille.jpg","","","/colocasia-esculenta-feuille.jpg","https://commons.wikimedia.org/wiki/File:Starr-090519-8057-Colocasia_esculenta-leaves-Native_Nursery_Kula-Maui_(24325097844).jpg","RIGHTS_VERIFIED","NO","NO","HTTP_AND_STRUCTURE_PRESENT","64","P3_ENRICH_LATER","200","https://jungle.tibaldo.fr/plantes/colocasia","1"
"https://jungle.tibaldo.fr/plantes/pilea","HUB_GENRE_OR_GROUP","","pilea","","","/pilea-peperomioides-plante.jpg","","","/pilea-peperomioides-plante.jpg","https://commons.wikimedia.org/wiki/File:Pilea_peperomioides_Chinese_money_plant.jpg","RIGHTS_VERIFIED","NO","NO","HTTP_AND_STRUCTURE_PRESENT","65","P3_ENRICH_LATER","200","https://jungle.tibaldo.fr/plantes/pilea","1"
"https://jungle.tibaldo.fr/plantes/peperomia","HUB_GENRE_OR_GROUP","","peperomia","","","/peperomia-argyreia-feuillage.jpg","","","/peperomia-argyreia-feuillage.jpg","https://commons.wikimedia.org/wiki/File:Watermelon_Peperomia_(Peperomia_argyreia).jpg","RIGHTS_VERIFIED","NO","NO","HTTP_AND_STRUCTURE_PRESENT","63","P1_EMPTY_HUB","200","https://jungle.tibaldo.fr/plantes/peperomia","1"
"https://jungle.tibaldo.fr/plantes/maranta","HUB_GENRE_OR_GROUP","","maranta","","","HONEST_MEDIA_GAP","","","HONEST_MEDIA_GAP","","NO_MEDIA","YES","NO","HTTP_AND_STRUCTURE_PRESENT","64","P2_PHOTO_REQUIRED","200","https://jungle.tibaldo.fr/plantes/maranta","1"
"https://jungle.tibaldo.fr/plantes/calathea","HUB_GENRE_OR_GROUP","","calathea","","","HONEST_MEDIA_GAP","","","HONEST_MEDIA_GAP","","NO_MEDIA","YES","NO","HTTP_AND_STRUCTURE_PRESENT","63","P1_EMPTY_HUB","200","https://jungle.tibaldo.fr/plantes/calathea","1"
"https://jungle.tibaldo.fr/plantes/cactus","HUB_GENRE_OR_GROUP","","cactus","","","/cactus-collection-serre.jpg","","","/cactus-collection-serre.jpg","https://unsplash.com/photos/a-variety-of-cactus-plants-in-a-greenhouse-Ip9vn5h-aSE","RIGHTS_VERIFIED","NO","NO","HTTP_AND_STRUCTURE_PRESENT","63","P1_EMPTY_HUB","200","https://jungle.tibaldo.fr/plantes/cactus","1"
"https://jungle.tibaldo.fr/plantes/epiphyllum","HUB_GENRE_OR_GROUP","","epiphyllum","","","HONEST_MEDIA_GAP","","","HONEST_MEDIA_GAP","","NO_MEDIA","YES","NO","HTTP_AND_STRUCTURE_PRESENT","64","P2_PHOTO_REQUIRED","200","https://jungle.tibaldo.fr/plantes/epiphyllum","1"
"https://jungle.tibaldo.fr/plantes/famille/araceae","HUB_FAMILY","","","","","NOT_AUDITED_AS_BOTANICAL_MEDIA","","","","","OUT_OF_BOTANICAL_MEDIA_SCOPE","OUT_OF_SCOPE","NO","HTTP_AND_STRUCTURE_PRESENT","118","OUT_OF_MEDIA_SCOPE","200","https://jungle.tibaldo.fr/plantes/famille/araceae","1"
"https://jungle.tibaldo.fr/plantes/famille/asparagaceae","HUB_FAMILY","","","","","NOT_AUDITED_AS_BOTANICAL_MEDIA","","","","","OUT_OF_BOTANICAL_MEDIA_SCOPE","OUT_OF_SCOPE","NO","HTTP_AND_STRUCTURE_PRESENT","71","OUT_OF_MEDIA_SCOPE","200","https://jungle.tibaldo.fr/plantes/famille/asparagaceae","1"
"https://jungle.tibaldo.fr/plantes/famille/musaceae","HUB_FAMILY","","","","","NOT_AUDITED_AS_BOTANICAL_MEDIA","","","","","OUT_OF_BOTANICAL_MEDIA_SCOPE","OUT_OF_SCOPE","NO","HTTP_AND_STRUCTURE_PRESENT","67","OUT_OF_MEDIA_SCOPE","200","https://jungle.tibaldo.fr/plantes/famille/musaceae","1"
"https://jungle.tibaldo.fr/plantes/alocasia/imperial-red","SPECIES_OR_CULTIVAR","Araceae","Alocasia","Hybride horticole","Imperial Red","HONEST_MEDIA_GAP","HONEST_MEDIA_GAP","HONEST_MEDIA_GAP","","","NO_RENDERED_MEDIA","YES_HONEST_MEDIA_GAP","NO","YES","73","P1_MAJOR_GENUS_PHOTO","200","https://jungle.tibaldo.fr/plantes/alocasia/imperial-red","1"
"https://jungle.tibaldo.fr/plantes/anthurium/pallidiflorum","SPECIES_OR_CULTIVAR","Araceae","Anthurium","Anthurium pallidiflorum","","HONEST_MEDIA_GAP","HONEST_MEDIA_GAP","HONEST_MEDIA_GAP","","","NO_RENDERED_MEDIA","YES_HONEST_MEDIA_GAP","NO","YES","73","P1_MAJOR_GENUS_PHOTO","200","https://jungle.tibaldo.fr/plantes/anthurium/pallidiflorum","1"
"https://jungle.tibaldo.fr/plantes/anthurium/veitchii","SPECIES_OR_CULTIVAR","Araceae","Anthurium","Anthurium veitchii","","/media/anthurium-veitchii-king.jpg","/media/anthurium-veitchii-king.jpg","HONEST_MEDIA_GAP","","https://commons.wikimedia.org/wiki/File:Anthurium_veitchii-King_Anthurium.jpg","RIGHTS_VERIFIED","NO","NO","YES","77","P2_ENRICH","200","https://jungle.tibaldo.fr/plantes/anthurium/veitchii","1"
"https://jungle.tibaldo.fr/plantes/philodendron/billietiae","SPECIES_OR_CULTIVAR","Araceae","Philodendron","Philodendron billietiae","","/philodendron-billietiae-feuilles-ondulees.jpg","/philodendron-billietiae-feuilles-ondulees.jpg","/philodendron-billietiae-petioles-orange.jpg","","https://commons.wikimedia.org/wiki/File:Philodendron_billietiae_0zz.jpg | https://commons.wikimedia.org/wiki/File:Philodendron_billietiae_1zz.jpg | https://commons.wikimedia.org/wiki/File:Philodendron_billietiae_2zz.jpg","RIGHTS_VERIFIED","NO","NO","YES","74","P3_COMPLETE","200","https://jungle.tibaldo.fr/plantes/philodendron/billietiae","1"
"https://jungle.tibaldo.fr/plantes/pilea/peperomioides","SPECIES_OR_CULTIVAR","Urticaceae","Pilea","Pilea peperomioides","","/pilea-peperomioides-plante.jpg","/pilea-peperomioides-plante.jpg","HONEST_MEDIA_GAP","","https://commons.wikimedia.org/wiki/File:Pilea_peperomioides_Chinese_money_plant.jpg","RIGHTS_VERIFIED","NO","NO","YES","74","P2_ENRICH","200","https://jungle.tibaldo.fr/plantes/pilea/peperomioides","1"
"https://jungle.tibaldo.fr/plantes/asparagus/plumosus","SPECIES_OR_CULTIVAR","Asparagaceae","Asparagus","Asparagus setaceus","","HONEST_MEDIA_GAP","HONEST_MEDIA_GAP","HONEST_MEDIA_GAP","","","NO_RENDERED_MEDIA","YES_HONEST_MEDIA_GAP","NO","YES","73","P2_PHOTO","200","https://jungle.tibaldo.fr/plantes/asparagus/plumosus","1"
"https://jungle.tibaldo.fr/plantes/epipremnum/marble-queen","SPECIES_OR_CULTIVAR","Araceae","Epipremnum","Epipremnum aureum","Marble Queen","HONEST_MEDIA_GAP","HONEST_MEDIA_GAP","HONEST_MEDIA_GAP","","","NO_RENDERED_MEDIA","YES_HONEST_MEDIA_GAP","NO","YES","73","P2_PHOTO","200","https://jungle.tibaldo.fr/plantes/epipremnum/marble-queen","1"
"https://jungle.tibaldo.fr/plantes/epiphyllum/anguliger","SPECIES_OR_CULTIVAR","Cactaceae","Disocactus","Disocactus anguliger","","HONEST_MEDIA_GAP","HONEST_MEDIA_GAP","HONEST_MEDIA_GAP","","","NO_RENDERED_MEDIA","YES_HONEST_MEDIA_GAP","NO","REVIEW_REQUIRED","72","P2_PHOTO","200","https://jungle.tibaldo.fr/plantes/epiphyllum/anguliger","1"
"https://jungle.tibaldo.fr/plantes/monstera/deliciosa","SPECIES_OR_CULTIVAR","Araceae","Monstera","Monstera deliciosa","","/media/final-media-v35/monstera-deliciosa-jonathan-borba-pexels.webp","/media/final-media-v35/monstera-deliciosa-jonathan-borba-pexels.webp","HONEST_MEDIA_GAP","","https://www.pexels.com/fr-fr/photo/feuilles-de-monstera-d-un-vert-luxuriant-a-la-texture-naturelle-37181425/","RIGHTS_VERIFIED","NO","NO","REVIEW_REQUIRED","73","P2_ENRICH","200","https://jungle.tibaldo.fr/plantes/monstera/deliciosa","1"
"https://jungle.tibaldo.fr/plantes/monstera/thai-constellation","SPECIES_OR_CULTIVAR","Araceae","Monstera","Monstera deliciosa","Thai Constellation","HONEST_MEDIA_GAP","HONEST_MEDIA_GAP","HONEST_MEDIA_GAP","","","NO_RENDERED_MEDIA","YES_HONEST_MEDIA_GAP","NO","REVIEW_REQUIRED","75","P1_MAJOR_GENUS_PHOTO","200","https://jungle.tibaldo.fr/plantes/monstera/thai-constellation","1"
"https://jungle.tibaldo.fr/plantes/monstera/mint","SPECIES_OR_CULTIVAR","Araceae","Monstera","Monstera deliciosa","Mint","HONEST_MEDIA_GAP","HONEST_MEDIA_GAP","HONEST_MEDIA_GAP","","","NO_RENDERED_MEDIA","YES_HONEST_MEDIA_GAP","NO","REVIEW_REQUIRED","72","P1_MAJOR_GENUS_PHOTO","200","https://jungle.tibaldo.fr/plantes/monstera/mint","1"
"https://jungle.tibaldo.fr/plantes/monstera/adansonii","SPECIES_OR_CULTIVAR","Araceae","Monstera","Monstera adansonii","","HONEST_MEDIA_GAP","HONEST_MEDIA_GAP","HONEST_MEDIA_GAP","","","NO_RENDERED_MEDIA","YES_HONEST_MEDIA_GAP","NO","REVIEW_REQUIRED","72","P1_MAJOR_GENUS_PHOTO","200","https://jungle.tibaldo.fr/plantes/monstera/adansonii","1"
"https://jungle.tibaldo.fr/plantes/philodendron/royal-queen","SPECIES_OR_CULTIVAR","Araceae","Philodendron","Hybride horticole","Royal Queen","HONEST_MEDIA_GAP","HONEST_MEDIA_GAP","HONEST_MEDIA_GAP","","","NO_RENDERED_MEDIA","YES_HONEST_MEDIA_GAP","NO","REVIEW_REQUIRED","72","P1_MAJOR_GENUS_PHOTO","200","https://jungle.tibaldo.fr/plantes/philodendron/royal-queen","1"
"https://jungle.tibaldo.fr/plantes/anthurium/delta-force","SPECIES_OR_CULTIVAR","Araceae","Anthurium","Hybride horticole","Delta Force","HONEST_MEDIA_GAP","HONEST_MEDIA_GAP","HONEST_MEDIA_GAP","","","NO_RENDERED_MEDIA","YES_HONEST_MEDIA_GAP","NO","REVIEW_REQUIRED","73","P1_MAJOR_GENUS_PHOTO","200","https://jungle.tibaldo.fr/plantes/anthurium/delta-force","1"
"https://jungle.tibaldo.fr/plantes/philodendron/melanochrysum","SPECIES_OR_CULTIVAR","Araceae","Philodendron","Philodendron melanochrysum","","/philodendron-melanochrysum-real.jpg","/philodendron-melanochrysum-real.jpg","HONEST_MEDIA_GAP","","https://commons.wikimedia.org/wiki/File:PhilodendronMelanochrysum.jpg","RIGHTS_VERIFIED","NO","NO","REVIEW_REQUIRED","73","P2_ENRICH","200","https://jungle.tibaldo.fr/plantes/philodendron/melanochrysum","1"
"https://jungle.tibaldo.fr/plantes/philodendron/brasil","SPECIES_OR_CULTIVAR","Araceae","Philodendron","Philodendron hederaceum","Brasil","HONEST_MEDIA_GAP","HONEST_MEDIA_GAP","HONEST_MEDIA_GAP","","","NO_RENDERED_MEDIA","YES_HONEST_MEDIA_GAP","NO","REVIEW_REQUIRED","72","P1_MAJOR_GENUS_PHOTO","200","https://jungle.tibaldo.fr/plantes/philodendron/brasil","1"
"https://jungle.tibaldo.fr/plantes/anthurium/regale","SPECIES_OR_CULTIVAR","Araceae","Anthurium","Anthurium regale","","HONEST_MEDIA_GAP","HONEST_MEDIA_GAP","HONEST_MEDIA_GAP","","","NO_RENDERED_MEDIA","YES_HONEST_MEDIA_GAP","NO","REVIEW_REQUIRED","70","P1_MAJOR_GENUS_PHOTO","200","https://jungle.tibaldo.fr/plantes/anthurium/regale","1"
"https://jungle.tibaldo.fr/plantes/anthurium/papillilaminum-dark-phoenix","SPECIES_OR_CULTIVAR","Araceae","Anthurium","Anthurium papillilaminum × ‘Dark Phoenix’","","HONEST_MEDIA_GAP","HONEST_MEDIA_GAP","HONEST_MEDIA_GAP","","","NO_RENDERED_MEDIA","YES_HONEST_MEDIA_GAP","NO","REVIEW_REQUIRED","70","P1_MAJOR_GENUS_PHOTO","200","https://jungle.tibaldo.fr/plantes/anthurium/papillilaminum-dark-phoenix","1"
"https://jungle.tibaldo.fr/plantes/anthurium/forgetii-dark-form-silver-blush","SPECIES_OR_CULTIVAR","Araceae","Anthurium","Anthurium forgetii dark form × ‘Silver Blush’","","HONEST_MEDIA_GAP","HONEST_MEDIA_GAP","HONEST_MEDIA_GAP","","","NO_RENDERED_MEDIA","YES_HONEST_MEDIA_GAP","NO","REVIEW_REQUIRED","70","P1_MAJOR_GENUS_PHOTO","200","https://jungle.tibaldo.fr/plantes/anthurium/forgetii-dark-form-silver-blush","1"
"https://jungle.tibaldo.fr/plantes/philodendron/gloriosum","SPECIES_OR_CULTIVAR","Araceae","Philodendron","Philodendron gloriosum","","HONEST_MEDIA_GAP","HONEST_MEDIA_GAP","HONEST_MEDIA_GAP","","","NO_RENDERED_MEDIA","YES_HONEST_MEDIA_GAP","NO","REVIEW_REQUIRED","70","P1_MAJOR_GENUS_PHOTO","200","https://jungle.tibaldo.fr/plantes/philodendron/gloriosum","1"
"https://jungle.tibaldo.fr/plantes/philodendron/grazielae","SPECIES_OR_CULTIVAR","Araceae","Philodendron","Philodendron grazielae","","HONEST_MEDIA_GAP","HONEST_MEDIA_GAP","HONEST_MEDIA_GAP","","","NO_RENDERED_MEDIA","YES_HONEST_MEDIA_GAP","NO","REVIEW_REQUIRED","70","P1_MAJOR_GENUS_PHOTO","200","https://jungle.tibaldo.fr/plantes/philodendron/grazielae","1"
"https://jungle.tibaldo.fr/plantes/monstera/burle-marx-flame","SPECIES_OR_CULTIVAR","Araceae","Monstera","sp. (non établi)","Burle Marx’s Flame","HONEST_MEDIA_GAP","HONEST_MEDIA_GAP","HONEST_MEDIA_GAP","","","NO_RENDERED_MEDIA","YES_HONEST_MEDIA_GAP","NO","REVIEW_REQUIRED","70","P1_MAJOR_GENUS_PHOTO","200","https://jungle.tibaldo.fr/plantes/monstera/burle-marx-flame","1"
"https://jungle.tibaldo.fr/plantes/monstera/esqueleto","SPECIES_OR_CULTIVAR","Araceae","Monstera","sp. (non établi)","Esqueleto","HONEST_MEDIA_GAP","HONEST_MEDIA_GAP","HONEST_MEDIA_GAP","","","NO_RENDERED_MEDIA","YES_HONEST_MEDIA_GAP","PHOTO_DOUBTFUL","YES","71","P0_OWNER_REVIEW","200","https://jungle.tibaldo.fr/plantes/monstera/esqueleto","1"
"https://jungle.tibaldo.fr/plantes/pilea/cadierei","SPECIES_OR_CULTIVAR","Urticaceae","Pilea","Pilea cadierei","","HONEST_MEDIA_GAP","HONEST_MEDIA_GAP","HONEST_MEDIA_GAP","","","NO_RENDERED_MEDIA","YES_HONEST_MEDIA_GAP","NO","REVIEW_REQUIRED","70","P2_PHOTO","200","https://jungle.tibaldo.fr/plantes/pilea/cadierei","1"
"https://jungle.tibaldo.fr/plantes/colocasia/esculenta-eddo","SPECIES_OR_CULTIVAR","Araceae","Colocasia","Colocasia esculenta","","/colocasia-esculenta-feuille.jpg","/colocasia-esculenta-feuille.jpg","HONEST_MEDIA_GAP","","https://commons.wikimedia.org/wiki/File:Starr-090519-8057-Colocasia_esculenta-leaves-Native_Nursery_Kula-Maui_(24325097844).jpg","RIGHTS_VERIFIED","NO","NO","YES","71","P2_ENRICH","200","https://jungle.tibaldo.fr/plantes/colocasia/esculenta-eddo","1"
"https://jungle.tibaldo.fr/plantes/yucca/rostrata","SPECIES_OR_CULTIVAR","Asparagaceae","Yucca","Yucca rostrata","","HONEST_MEDIA_GAP","HONEST_MEDIA_GAP","HONEST_MEDIA_GAP","","","NO_RENDERED_MEDIA","YES_HONEST_MEDIA_GAP","NO","REVIEW_REQUIRED","70","P2_PHOTO","200","https://jungle.tibaldo.fr/plantes/yucca/rostrata","1"
"https://jungle.tibaldo.fr/plantes/aloe/vera","SPECIES_OR_CULTIVAR","Asphodelaceae","Aloe","Aloe vera","","HONEST_MEDIA_GAP","HONEST_MEDIA_GAP","HONEST_MEDIA_GAP","","","NO_RENDERED_MEDIA","YES_HONEST_MEDIA_GAP","NO","REVIEW_REQUIRED","70","P2_PHOTO","200","https://jungle.tibaldo.fr/plantes/aloe/vera","1"
"https://jungle.tibaldo.fr/plantes/chlorophytum/comosum","SPECIES_OR_CULTIVAR","Asparagaceae","Chlorophytum","Chlorophytum comosum","","HONEST_MEDIA_GAP","HONEST_MEDIA_GAP","HONEST_MEDIA_GAP","","","NO_RENDERED_MEDIA","YES_HONEST_MEDIA_GAP","NO","REVIEW_REQUIRED","70","P2_PHOTO","200","https://jungle.tibaldo.fr/plantes/chlorophytum/comosum","1"
"https://jungle.tibaldo.fr/plantes/plumeria/rubra","SPECIES_OR_CULTIVAR","Apocynaceae","Plumeria","Plumeria rubra","","HONEST_MEDIA_GAP","HONEST_MEDIA_GAP","HONEST_MEDIA_GAP","","","NO_RENDERED_MEDIA","YES_HONEST_MEDIA_GAP","NO","REVIEW_REQUIRED","70","P2_PHOTO","200","https://jungle.tibaldo.fr/plantes/plumeria/rubra","1"
"https://jungle.tibaldo.fr/plantes/equisetum/japonicum","SPECIES_OR_CULTIVAR","Equisetaceae","Equisetum","Equisetum hyemale var. japonicum","","HONEST_MEDIA_GAP","HONEST_MEDIA_GAP","HONEST_MEDIA_GAP","","","NO_RENDERED_MEDIA","YES_HONEST_MEDIA_GAP","NO","REVIEW_REQUIRED","70","P2_PHOTO","200","https://jungle.tibaldo.fr/plantes/equisetum/japonicum","1"
"https://jungle.tibaldo.fr/plantes/monstera/dubia","SPECIES_OR_CULTIVAR","Araceae","Monstera","Monstera dubia","","HONEST_MEDIA_GAP","HONEST_MEDIA_GAP","HONEST_MEDIA_GAP","","","NO_RENDERED_MEDIA","YES_HONEST_MEDIA_GAP","NO","YES","71","P1_MAJOR_GENUS_PHOTO","200","https://jungle.tibaldo.fr/plantes/monstera/dubia","1"
"https://jungle.tibaldo.fr/plantes/monstera/siltepecana","SPECIES_OR_CULTIVAR","Araceae","Monstera","Monstera siltepecana","","HONEST_MEDIA_GAP","HONEST_MEDIA_GAP","HONEST_MEDIA_GAP","","","NO_RENDERED_MEDIA","YES_HONEST_MEDIA_GAP","NO","YES","71","P1_MAJOR_GENUS_PHOTO","200","https://jungle.tibaldo.fr/plantes/monstera/siltepecana","1"
"https://jungle.tibaldo.fr/plantes/monstera/obliqua","SPECIES_OR_CULTIVAR","Araceae","Monstera","Monstera obliqua","","HONEST_MEDIA_GAP","HONEST_MEDIA_GAP","HONEST_MEDIA_GAP","","","NO_RENDERED_MEDIA","YES_HONEST_MEDIA_GAP","NO","YES","71","P1_MAJOR_GENUS_PHOTO","200","https://jungle.tibaldo.fr/plantes/monstera/obliqua","1"
"https://jungle.tibaldo.fr/plantes/monstera/pinnatipartita","SPECIES_OR_CULTIVAR","Araceae","Monstera","Monstera pinnatipartita","","HONEST_MEDIA_GAP","HONEST_MEDIA_GAP","HONEST_MEDIA_GAP","","","NO_RENDERED_MEDIA","YES_HONEST_MEDIA_GAP","NO","YES","71","P1_MAJOR_GENUS_PHOTO","200","https://jungle.tibaldo.fr/plantes/monstera/pinnatipartita","1"
"https://jungle.tibaldo.fr/plantes/monstera/standleyana","SPECIES_OR_CULTIVAR","Araceae","Monstera","Monstera standleyana","","HONEST_MEDIA_GAP","HONEST_MEDIA_GAP","HONEST_MEDIA_GAP","","","NO_RENDERED_MEDIA","YES_HONEST_MEDIA_GAP","NO","YES","71","P1_MAJOR_GENUS_PHOTO","200","https://jungle.tibaldo.fr/plantes/monstera/standleyana","1"
"https://jungle.tibaldo.fr/plantes/anthurium/crystallinum","SPECIES_OR_CULTIVAR","Araceae","Anthurium","Anthurium crystallinum","","/media/anthurium-crystallinum-feuille.jpg","/media/anthurium-crystallinum-feuille.jpg","HONEST_MEDIA_GAP","","https://commons.wikimedia.org/wiki/File:Anthurium_crystallinum_6zz.jpg","RIGHTS_VERIFIED","NO","NO","YES","72","P2_ENRICH","200","https://jungle.tibaldo.fr/plantes/anthurium/crystallinum","1"
"https://jungle.tibaldo.fr/plantes/anthurium/magnificum","SPECIES_OR_CULTIVAR","Araceae","Anthurium","Anthurium magnificum","","HONEST_MEDIA_GAP","HONEST_MEDIA_GAP","HONEST_MEDIA_GAP","","","NO_RENDERED_MEDIA","YES_HONEST_MEDIA_GAP","NO","YES","71","P1_MAJOR_GENUS_PHOTO","200","https://jungle.tibaldo.fr/plantes/anthurium/magnificum","1"
"https://jungle.tibaldo.fr/plantes/anthurium/forgetii","SPECIES_OR_CULTIVAR","Araceae","Anthurium","Anthurium forgetii","","HONEST_MEDIA_GAP","HONEST_MEDIA_GAP","HONEST_MEDIA_GAP","","","NO_RENDERED_MEDIA","YES_HONEST_MEDIA_GAP","NO","YES","71","P1_MAJOR_GENUS_PHOTO","200","https://jungle.tibaldo.fr/plantes/anthurium/forgetii","1"
"https://jungle.tibaldo.fr/plantes/anthurium/papillilaminum","SPECIES_OR_CULTIVAR","Araceae","Anthurium","Anthurium papillilaminum","","HONEST_MEDIA_GAP","HONEST_MEDIA_GAP","HONEST_MEDIA_GAP","","","NO_RENDERED_MEDIA","YES_HONEST_MEDIA_GAP","NO","YES","71","P1_MAJOR_GENUS_PHOTO","200","https://jungle.tibaldo.fr/plantes/anthurium/papillilaminum","1"
"https://jungle.tibaldo.fr/plantes/alocasia/cuprea","SPECIES_OR_CULTIVAR","Araceae","Alocasia","Alocasia cuprea","","/media/alocasia-cuprea-feuillage.jpg","/media/alocasia-cuprea-feuillage.jpg","HONEST_MEDIA_GAP","","https://commons.wikimedia.org/wiki/File:Alocasia_cuprea_(portrait_orientation).jpg","RIGHTS_VERIFIED","NO","NO","YES","72","P2_ENRICH","200","https://jungle.tibaldo.fr/plantes/alocasia/cuprea","1"
"https://jungle.tibaldo.fr/plantes/alocasia/zebrina","SPECIES_OR_CULTIVAR","Araceae","Alocasia","Alocasia zebrina","","HONEST_MEDIA_GAP","HONEST_MEDIA_GAP","HONEST_MEDIA_GAP","","","NO_RENDERED_MEDIA","YES_HONEST_MEDIA_GAP","NO","YES","71","P1_MAJOR_GENUS_PHOTO","200","https://jungle.tibaldo.fr/plantes/alocasia/zebrina","1"
"https://jungle.tibaldo.fr/plantes/alocasia/reginula","SPECIES_OR_CULTIVAR","Araceae","Alocasia","Alocasia reginula","","HONEST_MEDIA_GAP","HONEST_MEDIA_GAP","HONEST_MEDIA_GAP","","","NO_RENDERED_MEDIA","YES_HONEST_MEDIA_GAP","NO","YES","71","P1_MAJOR_GENUS_PHOTO","200","https://jungle.tibaldo.fr/plantes/alocasia/reginula","1"
"https://jungle.tibaldo.fr/plantes/alocasia/micholitziana","SPECIES_OR_CULTIVAR","Araceae","Alocasia","Alocasia micholitziana","","HONEST_MEDIA_GAP","HONEST_MEDIA_GAP","HONEST_MEDIA_GAP","","","NO_RENDERED_MEDIA","YES_HONEST_MEDIA_GAP","NO","YES","71","P1_MAJOR_GENUS_PHOTO","200","https://jungle.tibaldo.fr/plantes/alocasia/micholitziana","1"
"https://jungle.tibaldo.fr/plantes/alocasia/baginda","SPECIES_OR_CULTIVAR","Araceae","Alocasia","Alocasia baginda","","HONEST_MEDIA_GAP","HONEST_MEDIA_GAP","HONEST_MEDIA_GAP","","","NO_RENDERED_MEDIA","YES_HONEST_MEDIA_GAP","NO","YES","71","P1_MAJOR_GENUS_PHOTO","200","https://jungle.tibaldo.fr/plantes/alocasia/baginda","1"
"https://jungle.tibaldo.fr/plantes/alocasia/sinuata","SPECIES_OR_CULTIVAR","Araceae","Alocasia","Alocasia sinuata","","HONEST_MEDIA_GAP","HONEST_MEDIA_GAP","HONEST_MEDIA_GAP","","","NO_RENDERED_MEDIA","YES_HONEST_MEDIA_GAP","NO","YES","71","P1_MAJOR_GENUS_PHOTO","200","https://jungle.tibaldo.fr/plantes/alocasia/sinuata","1"
"https://jungle.tibaldo.fr/plantes/alocasia/longiloba","SPECIES_OR_CULTIVAR","Araceae","Alocasia","Alocasia longiloba","","HONEST_MEDIA_GAP","HONEST_MEDIA_GAP","HONEST_MEDIA_GAP","","","NO_RENDERED_MEDIA","YES_HONEST_MEDIA_GAP","NO","YES","71","P1_MAJOR_GENUS_PHOTO","200","https://jungle.tibaldo.fr/plantes/alocasia/longiloba","1"
"https://jungle.tibaldo.fr/plantes/alocasia/macrorrhizos","SPECIES_OR_CULTIVAR","Araceae","Alocasia","Alocasia macrorrhizos","","HONEST_MEDIA_GAP","HONEST_MEDIA_GAP","HONEST_MEDIA_GAP","","","NO_RENDERED_MEDIA","YES_HONEST_MEDIA_GAP","NO","YES","71","P1_MAJOR_GENUS_PHOTO","200","https://jungle.tibaldo.fr/plantes/alocasia/macrorrhizos","1"
"https://jungle.tibaldo.fr/plantes/alocasia/odora","SPECIES_OR_CULTIVAR","Araceae","Alocasia","Alocasia odora","","HONEST_MEDIA_GAP","HONEST_MEDIA_GAP","HONEST_MEDIA_GAP","","","NO_RENDERED_MEDIA","YES_HONEST_MEDIA_GAP","NO","YES","71","P1_MAJOR_GENUS_PHOTO","200","https://jungle.tibaldo.fr/plantes/alocasia/odora","1"
"https://jungle.tibaldo.fr/plantes/maranta/lemon-lime","SPECIES_OR_CULTIVAR","Marantaceae","Maranta","Maranta leuconeura","Lemon Lime","HONEST_MEDIA_GAP","HONEST_MEDIA_GAP","HONEST_MEDIA_GAP","","","NO_RENDERED_MEDIA","YES_HONEST_MEDIA_GAP","PHOTO_WRONG","YES","74","P0_OWNER_REVIEW","200","https://jungle.tibaldo.fr/plantes/maranta/lemon-lime","1"
"https://jungle.tibaldo.fr/plantes/anthurium/clarinervium","SPECIES_OR_CULTIVAR","Araceae","Anthurium","Anthurium clarinervium","","HONEST_MEDIA_GAP","HONEST_MEDIA_GAP","HONEST_MEDIA_GAP","","","NO_RENDERED_MEDIA","YES_HONEST_MEDIA_GAP","NO","YES","73","P1_MAJOR_GENUS_PHOTO","200","https://jungle.tibaldo.fr/plantes/anthurium/clarinervium","1"
"https://jungle.tibaldo.fr/plantes/anthurium/warocqueanum","SPECIES_OR_CULTIVAR","Araceae","Anthurium","Anthurium warocqueanum","","HONEST_MEDIA_GAP","HONEST_MEDIA_GAP","HONEST_MEDIA_GAP","","","NO_RENDERED_MEDIA","YES_HONEST_MEDIA_GAP","NO","YES","73","P1_MAJOR_GENUS_PHOTO","200","https://jungle.tibaldo.fr/plantes/anthurium/warocqueanum","1"
"https://jungle.tibaldo.fr/plantes/musa/basjoo","SPECIES_OR_CULTIVAR","Musaceae","Musa","Musa basjoo","","HONEST_MEDIA_GAP","HONEST_MEDIA_GAP","HONEST_MEDIA_GAP","","","NO_RENDERED_MEDIA","YES_HONEST_MEDIA_GAP","NO","YES","72","P2_PHOTO","200","https://jungle.tibaldo.fr/plantes/musa/basjoo","1"
"https://jungle.tibaldo.fr/plantes/musa/sikkimensis-red-tiger","SPECIES_OR_CULTIVAR","Musaceae","Musa","Musa sikkimensis","Red Tiger","HONEST_MEDIA_GAP","HONEST_MEDIA_GAP","HONEST_MEDIA_GAP","","","NO_RENDERED_MEDIA","YES_HONEST_MEDIA_GAP","NO","YES","72","P2_PHOTO","200","https://jungle.tibaldo.fr/plantes/musa/sikkimensis-red-tiger","1"
"https://jungle.tibaldo.fr/plantes/musa/florida-variegata","SPECIES_OR_CULTIVAR","Musaceae","Musa","Non déterminée","Florida Variegata","HONEST_MEDIA_GAP","HONEST_MEDIA_GAP","HONEST_MEDIA_GAP","","","NO_RENDERED_MEDIA","YES_HONEST_MEDIA_GAP","NO","YES","72","P2_PHOTO","200","https://jungle.tibaldo.fr/plantes/musa/florida-variegata","1"
"https://jungle.tibaldo.fr/plantes/ensete/ventricosum-maurelii","SPECIES_OR_CULTIVAR","Musaceae","Ensete","Ensete ventricosum","Maurelii","HONEST_MEDIA_GAP","HONEST_MEDIA_GAP","HONEST_MEDIA_GAP","","","NO_RENDERED_MEDIA","YES_HONEST_MEDIA_GAP","NO","YES","72","P2_PHOTO","200","https://jungle.tibaldo.fr/plantes/ensete/ventricosum-maurelii","1"
"https://jungle.tibaldo.fr/plantes/cycas/revoluta","SPECIES_OR_CULTIVAR","Cycadaceae","Cycas","Cycas revoluta","","/media/images/cycas-revoluta/cycas-revoluta-terrasse-tibaldo.webp","/media/images/cycas-revoluta/cycas-revoluta-terrasse-tibaldo.webp","/media/images/cycas-revoluta/cycas-revoluta-port-couronne.webp","","UNPROVEN | UNPROVEN | UNPROVEN | UNPROVEN","RIGHTS_INCOMPLETE","NO","NO","YES","74","P3_COMPLETE","200","https://jungle.tibaldo.fr/plantes/cycas/revoluta","1"
"https://jungle.tibaldo.fr/plantes/dicksonia/antarctica","SPECIES_OR_CULTIVAR","Dicksoniaceae","Dicksonia","antarctica","","HONEST_MEDIA_GAP","HONEST_MEDIA_GAP","HONEST_MEDIA_GAP","","","NO_RENDERED_MEDIA","YES_HONEST_MEDIA_GAP","NO","YES","73","P2_PHOTO","200","https://jungle.tibaldo.fr/plantes/dicksonia/antarctica","1"
"https://jungle.tibaldo.fr/plantes/agave/americana-variegata","SPECIES_OR_CULTIVAR","Asparagaceae","Agave","americana","Variegata","HONEST_MEDIA_GAP","HONEST_MEDIA_GAP","HONEST_MEDIA_GAP","","","NO_RENDERED_MEDIA","YES_HONEST_MEDIA_GAP","NO","YES","72","P2_PHOTO","200","https://jungle.tibaldo.fr/plantes/agave/americana-variegata","1"
"https://jungle.tibaldo.fr/plantes/fatsia/japonica-spiders-web","SPECIES_OR_CULTIVAR","Araliaceae","Fatsia","japonica","Spider’s Web","HONEST_MEDIA_GAP","HONEST_MEDIA_GAP","HONEST_MEDIA_GAP","","","NO_RENDERED_MEDIA","YES_HONEST_MEDIA_GAP","NO","YES","72","P2_PHOTO","200","https://jungle.tibaldo.fr/plantes/fatsia/japonica-spiders-web","1"
"https://jungle.tibaldo.fr/plantes/strelitzia/alba","SPECIES_OR_CULTIVAR","Strelitziaceae","Strelitzia","alba","","HONEST_MEDIA_GAP","HONEST_MEDIA_GAP","HONEST_MEDIA_GAP","","","NO_RENDERED_MEDIA","YES_HONEST_MEDIA_GAP","NO","YES","72","P2_PHOTO","200","https://jungle.tibaldo.fr/plantes/strelitzia/alba","1"
"https://jungle.tibaldo.fr/plantes/strelitzia/caudata","SPECIES_OR_CULTIVAR","Strelitziaceae","Strelitzia","caudata","","HONEST_MEDIA_GAP","HONEST_MEDIA_GAP","HONEST_MEDIA_GAP","","","NO_RENDERED_MEDIA","YES_HONEST_MEDIA_GAP","NO","YES","72","P2_PHOTO","200","https://jungle.tibaldo.fr/plantes/strelitzia/caudata","1"
"https://jungle.tibaldo.fr/plantes/strelitzia/juncea","SPECIES_OR_CULTIVAR","Strelitziaceae","Strelitzia","juncea","","HONEST_MEDIA_GAP","HONEST_MEDIA_GAP","HONEST_MEDIA_GAP","","","NO_RENDERED_MEDIA","YES_HONEST_MEDIA_GAP","NO","YES","72","P2_PHOTO","200","https://jungle.tibaldo.fr/plantes/strelitzia/juncea","1"
"https://jungle.tibaldo.fr/plantes/strelitzia/nicolai","SPECIES_OR_CULTIVAR","Strelitziaceae","Strelitzia","nicolai","","HONEST_MEDIA_GAP","HONEST_MEDIA_GAP","HONEST_MEDIA_GAP","","","NO_RENDERED_MEDIA","YES_HONEST_MEDIA_GAP","NO","YES","72","P2_PHOTO","200","https://jungle.tibaldo.fr/plantes/strelitzia/nicolai","1"
"https://jungle.tibaldo.fr/plantes/strelitzia/reginae","SPECIES_OR_CULTIVAR","Strelitziaceae","Strelitzia","reginae","","HONEST_MEDIA_GAP","HONEST_MEDIA_GAP","HONEST_MEDIA_GAP","","","NO_RENDERED_MEDIA","YES_HONEST_MEDIA_GAP","NO","YES","72","P2_PHOTO","200","https://jungle.tibaldo.fr/plantes/strelitzia/reginae","1"
"https://jungle.tibaldo.fr/plantes/alocasia/tandurusa","SPECIES_OR_CULTIVAR","Araceae","Alocasia","Alocasia tandurusa","","/media/final-media-v35/alocasia-tandurusa-port.webp","/media/final-media-v35/alocasia-tandurusa-port.webp","/media/final-media-v35/alocasia-tandurusa-feuillage.webp","","https://commons.wikimedia.org/wiki/File:Alocasia_Tandurusa_%27Jacklyn%27_JRVdH_02.jpg | https://commons.wikimedia.org/wiki/File:Alocasia_Tandurusa_%27Jacklyn%27_JRVdH_01.jpg","RIGHTS_VERIFIED","NO","NO","YES","74","P2_ENRICH","200","https://jungle.tibaldo.fr/plantes/alocasia/tandurusa","1"
"https://jungle.tibaldo.fr/plantes/alocasia/melo","SPECIES_OR_CULTIVAR","Araceae","Alocasia","Alocasia melo","","HONEST_MEDIA_GAP","HONEST_MEDIA_GAP","HONEST_MEDIA_GAP","","","NO_RENDERED_MEDIA","YES_HONEST_MEDIA_GAP","NO","YES","73","P1_MAJOR_GENUS_PHOTO","200","https://jungle.tibaldo.fr/plantes/alocasia/melo","1"
"https://jungle.tibaldo.fr/plantes/alocasia/mortfontanensis-polly","SPECIES_OR_CULTIVAR","Araceae","Alocasia","Alocasia × mortfontanensis","Polly","/media/final-media-v35/alocasia-polly.webp","/media/final-media-v35/alocasia-polly.webp","HONEST_MEDIA_GAP","","https://commons.wikimedia.org/wiki/File:Alocasia_x_amazonica_%27Polly%27.jpg","RIGHTS_VERIFIED","NO","NO","YES","74","P2_ENRICH","200","https://jungle.tibaldo.fr/plantes/alocasia/mortfontanensis-polly","1"
"https://jungle.tibaldo.fr/plantes/anthurium/luxurians","SPECIES_OR_CULTIVAR","Araceae","Anthurium","Anthurium luxurians","","HONEST_MEDIA_GAP","HONEST_MEDIA_GAP","HONEST_MEDIA_GAP","","","NO_RENDERED_MEDIA","YES_HONEST_MEDIA_GAP","NO","YES","73","P1_MAJOR_GENUS_PHOTO","200","https://jungle.tibaldo.fr/plantes/anthurium/luxurians","1"
"https://jungle.tibaldo.fr/plantes/anthurium/wendlingeri","SPECIES_OR_CULTIVAR","Araceae","Anthurium","Anthurium wendlingeri","","/media/final-media-v35/anthurium-wendlingeri-port.webp","/media/final-media-v35/anthurium-wendlingeri-port.webp","/media/final-media-v35/anthurium-wendlingeri-inflorescence.webp","","https://commons.wikimedia.org/wiki/File:Anthurium-wendlingeri-SF24277-01.jpg | https://commons.wikimedia.org/wiki/File:Anthurium_wendlingeri_kz01.jpg","RIGHTS_VERIFIED","NO","NO","YES","74","P2_ENRICH","200","https://jungle.tibaldo.fr/plantes/anthurium/wendlingeri","1"
"https://jungle.tibaldo.fr/plantes/philodendron/hederaceum","SPECIES_OR_CULTIVAR","Araceae","Philodendron","Philodendron hederaceum","","/media/final-media-v35/philodendron-hederaceum-port.webp","/media/final-media-v35/philodendron-hederaceum-port.webp","/media/final-media-v35/philodendron-hederaceum-feuillage.webp","","https://commons.wikimedia.org/wiki/File:Philodendron_hederaceum,_Singapore_Botanic_Gardens_(141542).jpg | https://commons.wikimedia.org/wiki/File:Philodendron_hederaceum_kz01.jpg","RIGHTS_VERIFIED","NO","NO","YES","74","P2_ENRICH","200","https://jungle.tibaldo.fr/plantes/philodendron/hederaceum","1"
"https://jungle.tibaldo.fr/plantes/philodendron/pink-princess","SPECIES_OR_CULTIVAR","Araceae","Philodendron","Cultivar horticole rattaché au groupe de Philodendron erubescens","Pink Princess","/media/final-media-v35/philodendron-pink-princess.webp","/media/final-media-v35/philodendron-pink-princess.webp","HONEST_MEDIA_GAP","","https://commons.wikimedia.org/wiki/File:Philodendron_Pink_Princess.jpg","RIGHTS_VERIFIED","NO","NO","YES","74","P2_ENRICH","200","https://jungle.tibaldo.fr/plantes/philodendron/pink-princess","1"
"https://jungle.tibaldo.fr/plantes/monstera/albo-variegata","SPECIES_OR_CULTIVAR","Araceae","Monstera","Monstera deliciosa","Albo Variegata","/media/final-media-v35/monstera-albo-variegata.webp","/media/final-media-v35/monstera-albo-variegata.webp","HONEST_MEDIA_GAP","","https://commons.wikimedia.org/wiki/File:Fruit_Salad_Plant_(Monstera_deliciosa_%27Albo-Variegata%27)_1.jpg","RIGHTS_VERIFIED","NO","NO","YES","74","P2_ENRICH","200","https://jungle.tibaldo.fr/plantes/monstera/albo-variegata","1"
"https://jungle.tibaldo.fr/plantes/ficus/elastica","SPECIES_OR_CULTIVAR","Moraceae","Ficus","Ficus elastica","","/media/final-media-v35/ficus-elastica-port.webp","/media/final-media-v35/ficus-elastica-port.webp","/media/final-media-v35/ficus-elastica-feuille.webp","","https://commons.wikimedia.org/wiki/File:Ficus_elastica_(rubber_plant).jpg | https://commons.wikimedia.org/wiki/File:Backlit_ficus_elastica_leaf_texture_2014_02.jpg","RIGHTS_VERIFIED","NO","NO","YES","74","P2_ENRICH","200","https://jungle.tibaldo.fr/plantes/ficus/elastica","1"
"https://jungle.tibaldo.fr/plantes/hoya/carnosa","SPECIES_OR_CULTIVAR","Apocynaceae","Hoya","Hoya carnosa","","/media/final-media-v35/hoya-carnosa-port.webp","/media/final-media-v35/hoya-carnosa-port.webp","/media/final-media-v35/hoya-carnosa-fleurs.webp","","https://commons.wikimedia.org/wiki/File:Hoya_carnosa_-_Begonia_House_-_Wellington_Botanic_Garden_-_Wellington,_NZ_-_DSC09338.jpg | https://commons.wikimedia.org/wiki/File:Hoya_carnosa_-_umbel_with_nectar_droplets.jpg","RIGHTS_VERIFIED","NO","NO","YES","74","P2_ENRICH","200","https://jungle.tibaldo.fr/plantes/hoya/carnosa","1"
"https://jungle.tibaldo.fr/plantes/syngonium/podophyllum","SPECIES_OR_CULTIVAR","Araceae","Syngonium","Syngonium podophyllum","","/media/final-media-v35/syngonium-podophyllum-feuillage.webp","/media/final-media-v35/syngonium-podophyllum-feuillage.webp","/media/final-media-v35/syngonium-podophyllum-port.webp","","https://commons.wikimedia.org/wiki/File:Syngonium_podophyllum_10zz.jpg | https://commons.wikimedia.org/wiki/File:Syngonium_podophyllum_kz02.jpg","RIGHTS_VERIFIED","NO","NO","YES","74","P2_ENRICH","200","https://jungle.tibaldo.fr/plantes/syngonium/podophyllum","1"
"https://jungle.tibaldo.fr/plantes/sansevieria/trifasciata","SPECIES_OR_CULTIVAR","Asparagaceae","Dracaena","Dracaena trifasciata","","/media/final-media-v35/dracaena-trifasciata-port.webp","/media/final-media-v35/dracaena-trifasciata-port.webp","/media/final-media-v35/dracaena-trifasciata-jardin-botanique.webp","","https://commons.wikimedia.org/wiki/File:Dracaena_Trifasciata_Plant.jpg | https://commons.wikimedia.org/wiki/File:20210623_Hortus_botanicus_Leiden_-_Sansevieria_trifasciata_v2.jpg","RIGHTS_VERIFIED","NO","NO","YES","74","P2_ENRICH","200","https://jungle.tibaldo.fr/plantes/sansevieria/trifasciata","1"
"https://jungle.tibaldo.fr/evenements/ouverture-tibaldo-jungle-lille","OTHER_JUNGLE_CONTENT","","","","","NOT_AUDITED_AS_BOTANICAL_MEDIA","","","","","OUT_OF_BOTANICAL_MEDIA_SCOPE","OUT_OF_SCOPE","NO","HTTP_AND_STRUCTURE_PRESENT","64","OUT_OF_MEDIA_SCOPE","200","https://jungle.tibaldo.fr/evenements/ouverture-tibaldo-jungle-lille","1"
