"WAVE","FAMILLE","GENRE","TAXON_PROPOSE","TYPE","JUSTIFICATION","PRIORITE","PARENT_HUB","PHOTO_STATUS","SOURCE_STATUS","SEO_VALUE","GEO_VALUE","ENCYCLOPEDIA_VALUE","COMMERCIAL_RELEVANCE"
"P1","Piperaceae","Peperomia","Peperomia argyraea","ESPECE","Corrige le hub sans fiche et possède déjà un média local CC BY-SA vérifié.","P1","/plantes/peperomia","EXISTING_SAFE_MEDIA","CONTENT_RESEARCH_REQUIRED","HIGH","HIGH","HIGH","MEDIUM"
"P1","Araceae","Epipremnum","Epipremnum aureum","ESPECE","Espèce socle du seul cultivar Epipremnum actuellement publié ; média local CC BY-SA vérifié.","P1","/plantes/epipremnum","EXISTING_SAFE_MEDIA","CONTENT_RESEARCH_REQUIRED","HIGH","HIGH","HIGH","HIGH"
"P1","Araceae","Philodendron","Philodendron hastatum","ESPECE","Taxon accepté, populaire et déjà représenté par un média contrôlé dans Jungle.","P1","/plantes/philodendron","EXISTING_SAFE_MEDIA","CONTENT_RESEARCH_REQUIRED","HIGH","HIGH","HIGH","HIGH"
"P1","Marantaceae","Goeppertia","Goeppertia orbifolia","ESPECE","Le hub Calathea ne contient aucune fiche ; le brouillon existant doit corriger son origine vers le Brésil oriental avant publication.","P1","/plantes/calathea","OWNER_OR_LICENSED_PHOTO_REQUIRED","CONTENT_CORRECTION_AND_RESEARCH_REQUIRED","HIGH","HIGH","HIGH","HIGH"
"P1","Cactaceae","Schlumbergera","Schlumbergera truncata","ESPECE","Donne un premier taxon substantiel au hub Cactus sans confondre cactus de forêt et cactus désertiques.","P1","/plantes/cactus","OWNER_OR_LICENSED_PHOTO_REQUIRED","CONTENT_RESEARCH_REQUIRED","HIGH","MEDIUM","HIGH","HIGH"
"P1","Polypodiaceae","Nephrolepis","Nephrolepis exaltata","ESPECE","Première fiche représentative pour le hub Fougères aujourd’hui vide.","P1","/plantes/fougeres","OWNER_OR_LICENSED_PHOTO_REQUIRED","CONTENT_RESEARCH_REQUIRED","HIGH","MEDIUM","HIGH","HIGH"
"P1","Araceae","Philodendron","Philodendron verrucosum","ESPECE","Espèce collector majeure, morphologiquement et éditorialement distincte.","P1","/plantes/philodendron","OWNER_OR_LICENSED_PHOTO_REQUIRED","CONTENT_RESEARCH_REQUIRED","HIGH","MEDIUM","HIGH","HIGH"
"P1","Araceae","Philodendron","Philodendron squamiferum","ESPECE","Espèce reconnaissable par ses pétioles écailleux, utile pour la comparaison botanique.","P1","/plantes/philodendron","OWNER_OR_LICENSED_PHOTO_REQUIRED","CONTENT_RESEARCH_REQUIRED","MEDIUM","MEDIUM","HIGH","MEDIUM"
"P1","Araceae","Philodendron","Philodendron brandtianum","ESPECE","Espèce argentée populaire et distincte des cultivars d’hederaceum.","P1","/plantes/philodendron","OWNER_OR_LICENSED_PHOTO_REQUIRED","CONTENT_RESEARCH_REQUIRED","MEDIUM","MEDIUM","HIGH","HIGH"
"P1","Araceae","Philodendron","Philodendron erubescens","ESPECE","Taxon de référence utile pour contextualiser plusieurs sélections horticoles du genre.","P1","/plantes/philodendron","OWNER_OR_LICENSED_PHOTO_REQUIRED","CONTENT_RESEARCH_REQUIRED","MEDIUM","MEDIUM","HIGH","HIGH"
"P1","Araceae","Monstera","Monstera acuminata","ESPECE","Espèce acceptée et distincte, pertinente pour compléter les formes grimpantes juvéniles.","P1","/plantes/monstera","OWNER_OR_LICENSED_PHOTO_REQUIRED","CONTENT_RESEARCH_REQUIRED","MEDIUM","MEDIUM","HIGH","MEDIUM"
"P1","Araceae","Monstera","Monstera subpinnata","ESPECE","Espèce acceptée à morphologie adulte très distinctive.","P1","/plantes/monstera","OWNER_OR_LICENSED_PHOTO_REQUIRED","CONTENT_RESEARCH_REQUIRED","MEDIUM","MEDIUM","HIGH","MEDIUM"
"P1","Araceae","Monstera","Monstera sp. ‘Peru’","SELECTION","Nom commercial à fort intérêt mais relation avec M. karstenianum à résoudre avant toute route.","P1","/plantes/monstera","OWNER_OR_LICENSED_PHOTO_REQUIRED","TAXONOMY_RESEARCH_REQUIRED","HIGH","MEDIUM","MEDIUM","HIGH"
"P1","Araceae","Anthurium","Anthurium villenaorum","ESPECE","Espèce de collection importante et visuellement distincte.","P1","/plantes/anthurium","OWNER_OR_LICENSED_PHOTO_REQUIRED","CONTENT_RESEARCH_REQUIRED","MEDIUM","MEDIUM","HIGH","HIGH"
"P1","Araceae","Anthurium","Anthurium pedatoradiatum","ESPECE","Morphologie pédatée très différente des Anthurium veloutés déjà couverts.","P1","/plantes/anthurium","OWNER_OR_LICENSED_PHOTO_REQUIRED","CONTENT_RESEARCH_REQUIRED","MEDIUM","LOW","HIGH","MEDIUM"
"P1","Araceae","Anthurium","Anthurium radicans","ESPECE","Taxon accepté utile pour documenter la forme rampante et les hybrides commerciaux associés.","P1","/plantes/anthurium","OWNER_OR_LICENSED_PHOTO_REQUIRED","CONTENT_RESEARCH_REQUIRED","MEDIUM","LOW","HIGH","MEDIUM"
"P1","Araceae","Alocasia","Alocasia gageana","ESPECE","Espèce compacte populaire et distincte des treize fiches actuelles.","P1","/plantes/alocasia","OWNER_OR_LICENSED_PHOTO_REQUIRED","CONTENT_RESEARCH_REQUIRED","MEDIUM","MEDIUM","HIGH","HIGH"
"P1","Araceae","Alocasia","Alocasia lauterbachiana","ESPECE","Silhouette étroite originale, forte valeur de comparaison.","P1","/plantes/alocasia","OWNER_OR_LICENSED_PHOTO_REQUIRED","CONTENT_RESEARCH_REQUIRED","MEDIUM","LOW","HIGH","MEDIUM"
"P1","Araceae","Alocasia","Alocasia portei","ESPECE","Espèce de grande taille distincte des appellations horticoles Portodora.","P1","/plantes/alocasia","OWNER_OR_LICENSED_PHOTO_REQUIRED","TAXONOMY_RESEARCH_REQUIRED","LOW","LOW","MEDIUM","MEDIUM"
"P1","Urticaceae","Pilea","Pilea involucrata","ESPECE","Complète le hub Pilea avec une forme texturée très différente de P. peperomioides.","P1","/plantes/pilea","OWNER_OR_LICENSED_PHOTO_REQUIRED","CONTENT_RESEARCH_REQUIRED","MEDIUM","LOW","HIGH","MEDIUM"
"P2","Araceae","Philodendron","Philodendron pedatum","ESPECE","Enrichissement botanique logique à documenter après la vague prioritaire.","P2","/plantes/philodendron","OWNER_OR_LICENSED_PHOTO_REQUIRED","CONTENT_RESEARCH_REQUIRED","MEDIUM","LOW","MEDIUM","UNKNOWN"
"P2","Araceae","Philodendron","Philodendron bipennifolium","ESPECE","Enrichissement botanique logique à documenter après la vague prioritaire.","P2","/plantes/philodendron","OWNER_OR_LICENSED_PHOTO_REQUIRED","CONTENT_RESEARCH_REQUIRED","MEDIUM","LOW","MEDIUM","UNKNOWN"
"P2","Araceae","Philodendron","Philodendron tortum","ESPECE","Enrichissement botanique logique à documenter après la vague prioritaire.","P2","/plantes/philodendron","OWNER_OR_LICENSED_PHOTO_REQUIRED","CONTENT_RESEARCH_REQUIRED","MEDIUM","LOW","MEDIUM","UNKNOWN"
"P2","Araceae","Philodendron","Philodendron camposportoanum","ESPECE","Enrichissement botanique logique à documenter après la vague prioritaire.","P2","/plantes/philodendron","OWNER_OR_LICENSED_PHOTO_REQUIRED","CONTENT_RESEARCH_REQUIRED","MEDIUM","LOW","MEDIUM","UNKNOWN"
"P2","Araceae","Philodendron","Philodendron pastazanum","ESPECE","Enrichissement botanique logique à documenter après la vague prioritaire.","P2","/plantes/philodendron","OWNER_OR_LICENSED_PHOTO_REQUIRED","CONTENT_RESEARCH_REQUIRED","MEDIUM","LOW","MEDIUM","UNKNOWN"
"P2","Araceae","Monstera","Monstera lechleriana","ESPECE","Enrichissement botanique logique à documenter après la vague prioritaire.","P2","/plantes/monstera","OWNER_OR_LICENSED_PHOTO_REQUIRED","CONTENT_RESEARCH_REQUIRED","MEDIUM","LOW","MEDIUM","UNKNOWN"
"P2","Araceae","Monstera","Monstera spruceana","ESPECE","Enrichissement botanique logique à documenter après la vague prioritaire.","P2","/plantes/monstera","OWNER_OR_LICENSED_PHOTO_REQUIRED","CONTENT_RESEARCH_REQUIRED","MEDIUM","LOW","MEDIUM","UNKNOWN"
"P2","Araceae","Anthurium","Anthurium vittariifolium","ESPECE","Enrichissement botanique logique à documenter après la vague prioritaire.","P2","/plantes/anthurium","OWNER_OR_LICENSED_PHOTO_REQUIRED","CONTENT_RESEARCH_REQUIRED","MEDIUM","LOW","MEDIUM","UNKNOWN"
"P2","Araceae","Anthurium","Anthurium hookeri","ESPECE","Enrichissement botanique logique à documenter après la vague prioritaire.","P2","/plantes/anthurium","OWNER_OR_LICENSED_PHOTO_REQUIRED","CONTENT_RESEARCH_REQUIRED","MEDIUM","LOW","MEDIUM","UNKNOWN"
"P2","Araceae","Anthurium","Anthurium scherzerianum","ESPECE","Enrichissement botanique logique à documenter après la vague prioritaire.","P2","/plantes/anthurium","OWNER_OR_LICENSED_PHOTO_REQUIRED","CONTENT_RESEARCH_REQUIRED","MEDIUM","LOW","MEDIUM","UNKNOWN"
"P2","Araceae","Alocasia","Alocasia wentii","ESPECE","Enrichissement botanique logique à documenter après la vague prioritaire.","P2","/plantes/alocasia","OWNER_OR_LICENSED_PHOTO_REQUIRED","CONTENT_RESEARCH_REQUIRED","MEDIUM","LOW","MEDIUM","UNKNOWN"
"P2","Araceae","Alocasia","Alocasia sanderiana","ESPECE","Enrichissement botanique logique à documenter après la vague prioritaire.","P2","/plantes/alocasia","OWNER_OR_LICENSED_PHOTO_REQUIRED","CONTENT_RESEARCH_REQUIRED","MEDIUM","LOW","MEDIUM","UNKNOWN"
"P2","Apocynaceae","Hoya","Hoya pubicalyx","ESPECE","Enrichissement botanique logique à documenter après la vague prioritaire.","P2","/plantes/hoya","OWNER_OR_LICENSED_PHOTO_REQUIRED","CONTENT_RESEARCH_REQUIRED","MEDIUM","LOW","MEDIUM","UNKNOWN"
"P2","Moraceae","Ficus","Ficus lyrata","ESPECE","Enrichissement botanique logique à documenter après la vague prioritaire.","P2","/plantes/ficus","OWNER_OR_LICENSED_PHOTO_REQUIRED","CONTENT_RESEARCH_REQUIRED","MEDIUM","LOW","MEDIUM","UNKNOWN"
"P2","Araceae","Syngonium","Syngonium angustatum","ESPECE","Enrichissement botanique logique à documenter après la vague prioritaire.","P2","/plantes/syngonium","OWNER_OR_LICENSED_PHOTO_REQUIRED","CONTENT_RESEARCH_REQUIRED","MEDIUM","LOW","MEDIUM","UNKNOWN"
"P2","Asparagaceae","Dracaena","Dracaena angolensis","ESPECE","Enrichissement botanique logique à documenter après la vague prioritaire.","P2","/plantes/dracaena","OWNER_OR_LICENSED_PHOTO_REQUIRED","CONTENT_RESEARCH_REQUIRED","MEDIUM","LOW","MEDIUM","UNKNOWN"
"P2","Piperaceae","Peperomia","Peperomia obtusifolia","ESPECE","Enrichissement botanique logique à documenter après la vague prioritaire.","P2","/plantes/peperomia","OWNER_OR_LICENSED_PHOTO_REQUIRED","CONTENT_RESEARCH_REQUIRED","MEDIUM","LOW","MEDIUM","UNKNOWN"
"P2","Piperaceae","Peperomia","Peperomia caperata","ESPECE","Enrichissement botanique logique à documenter après la vague prioritaire.","P2","/plantes/peperomia","OWNER_OR_LICENSED_PHOTO_REQUIRED","CONTENT_RESEARCH_REQUIRED","MEDIUM","LOW","MEDIUM","UNKNOWN"
"P2","Marantaceae","Goeppertia","Goeppertia makoyana","ESPECE","Enrichissement botanique logique à documenter après la vague prioritaire.","P2","/plantes/goeppertia","OWNER_OR_LICENSED_PHOTO_REQUIRED","CONTENT_RESEARCH_REQUIRED","MEDIUM","LOW","MEDIUM","UNKNOWN"
"P2","Aspleniaceae","Asplenium","Asplenium nidus","ESPECE","Enrichissement botanique logique à documenter après la vague prioritaire.","P2","/plantes/asplenium","OWNER_OR_LICENSED_PHOTO_REQUIRED","CONTENT_RESEARCH_REQUIRED","MEDIUM","LOW","MEDIUM","UNKNOWN"
"P2","Polypodiaceae","Phlebodium","Phlebodium aureum","ESPECE","Enrichissement botanique logique à documenter après la vague prioritaire.","P2","/plantes/phlebodium","OWNER_OR_LICENSED_PHOTO_REQUIRED","CONTENT_RESEARCH_REQUIRED","MEDIUM","LOW","MEDIUM","UNKNOWN"
"P2","Cactaceae","Rhipsalis","Rhipsalis baccifera","ESPECE","Enrichissement botanique logique à documenter après la vague prioritaire.","P2","/plantes/rhipsalis","OWNER_OR_LICENSED_PHOTO_REQUIRED","CONTENT_RESEARCH_REQUIRED","MEDIUM","LOW","MEDIUM","UNKNOWN"
"P2","Araceae","Epipremnum","Epipremnum pinnatum","ESPECE","Enrichissement botanique logique à documenter après la vague prioritaire.","P2","/plantes/epipremnum","OWNER_OR_LICENSED_PHOTO_REQUIRED","CONTENT_RESEARCH_REQUIRED","MEDIUM","LOW","MEDIUM","UNKNOWN"
"P2","Urticaceae","Pilea","Pilea glauca","ESPECE","Enrichissement botanique logique à documenter après la vague prioritaire.","P2","/plantes/pilea","OWNER_OR_LICENSED_PHOTO_REQUIRED","CONTENT_RESEARCH_REQUIRED","MEDIUM","LOW","MEDIUM","UNKNOWN"
"P3","Araceae","Philodendron","‘White Princess’","CULTIVAR_OR_HYBRID","Longue traîne collector à ne publier qu’après vérification du statut horticole et d’un contenu distinctif.","P3","/plantes/philodendron","EXACT_OWNER_OR_LICENSED_PHOTO_REQUIRED","TAXONOMY_RESEARCH_REQUIRED","LOW","LOW","LOW","UNKNOWN"
"P3","Araceae","Philodendron","‘White Knight’","CULTIVAR_OR_HYBRID","Longue traîne collector à ne publier qu’après vérification du statut horticole et d’un contenu distinctif.","P3","/plantes/philodendron","EXACT_OWNER_OR_LICENSED_PHOTO_REQUIRED","TAXONOMY_RESEARCH_REQUIRED","LOW","LOW","LOW","UNKNOWN"
"P3","Araceae","Philodendron","‘White Wizard’","CULTIVAR_OR_HYBRID","Longue traîne collector à ne publier qu’après vérification du statut horticole et d’un contenu distinctif.","P3","/plantes/philodendron","EXACT_OWNER_OR_LICENSED_PHOTO_REQUIRED","TAXONOMY_RESEARCH_REQUIRED","LOW","LOW","LOW","UNKNOWN"
"P3","Araceae","Philodendron","‘Florida Ghost’","CULTIVAR_OR_HYBRID","Longue traîne collector à ne publier qu’après vérification du statut horticole et d’un contenu distinctif.","P3","/plantes/philodendron","EXACT_OWNER_OR_LICENSED_PHOTO_REQUIRED","TAXONOMY_RESEARCH_REQUIRED","LOW","LOW","LOW","UNKNOWN"
"P3","Araceae","Philodendron","‘Florida Beauty’","CULTIVAR_OR_HYBRID","Longue traîne collector à ne publier qu’après vérification du statut horticole et d’un contenu distinctif.","P3","/plantes/philodendron","EXACT_OWNER_OR_LICENSED_PHOTO_REQUIRED","TAXONOMY_RESEARCH_REQUIRED","LOW","LOW","LOW","UNKNOWN"
"P3","Araceae","Philodendron","‘Ring of Fire’","CULTIVAR_OR_HYBRID","Longue traîne collector à ne publier qu’après vérification du statut horticole et d’un contenu distinctif.","P3","/plantes/philodendron","EXACT_OWNER_OR_LICENSED_PHOTO_REQUIRED","TAXONOMY_RESEARCH_REQUIRED","LOW","LOW","LOW","UNKNOWN"
"P3","Araceae","Philodendron","‘Paraiso Verde’","CULTIVAR_OR_HYBRID","Longue traîne collector à ne publier qu’après vérification du statut horticole et d’un contenu distinctif.","P3","/plantes/philodendron","EXACT_OWNER_OR_LICENSED_PHOTO_REQUIRED","TAXONOMY_RESEARCH_REQUIRED","LOW","LOW","LOW","UNKNOWN"
"P3","Araceae","Philodendron","Philodendron billietiae variegated selection","CULTIVAR_OR_HYBRID","Longue traîne collector à ne publier qu’après vérification du statut horticole et d’un contenu distinctif.","P3","/plantes/philodendron","EXACT_OWNER_OR_LICENSED_PHOTO_REQUIRED","TAXONOMY_RESEARCH_REQUIRED","LOW","LOW","LOW","UNKNOWN"
"P3","Araceae","Anthurium","‘Silver Blush’","CULTIVAR_OR_HYBRID","Longue traîne collector à ne publier qu’après vérification du statut horticole et d’un contenu distinctif.","P3","/plantes/anthurium","EXACT_OWNER_OR_LICENSED_PHOTO_REQUIRED","TAXONOMY_RESEARCH_REQUIRED","LOW","LOW","LOW","UNKNOWN"
"P3","Araceae","Anthurium","‘Queen of Hearts’","CULTIVAR_OR_HYBRID","Longue traîne collector à ne publier qu’après vérification du statut horticole et d’un contenu distinctif.","P3","/plantes/anthurium","EXACT_OWNER_OR_LICENSED_PHOTO_REQUIRED","TAXONOMY_RESEARCH_REQUIRED","LOW","LOW","LOW","UNKNOWN"
"P3","Araceae","Anthurium","Anthurium luxurians × radicans","CULTIVAR_OR_HYBRID","Longue traîne collector à ne publier qu’après vérification du statut horticole et d’un contenu distinctif.","P3","/plantes/anthurium","EXACT_OWNER_OR_LICENSED_PHOTO_REQUIRED","TAXONOMY_RESEARCH_REQUIRED","LOW","LOW","LOW","UNKNOWN"
"P3","Araceae","Monstera","Monstera adansonii variegated selection","CULTIVAR_OR_HYBRID","Longue traîne collector à ne publier qu’après vérification du statut horticole et d’un contenu distinctif.","P3","/plantes/monstera","EXACT_OWNER_OR_LICENSED_PHOTO_REQUIRED","TAXONOMY_RESEARCH_REQUIRED","LOW","LOW","LOW","UNKNOWN"
"P3","Araceae","Monstera","Monstera adansonii ‘Mint’","CULTIVAR_OR_HYBRID","Longue traîne collector à ne publier qu’après vérification du statut horticole et d’un contenu distinctif.","P3","/plantes/monstera","EXACT_OWNER_OR_LICENSED_PHOTO_REQUIRED","TAXONOMY_RESEARCH_REQUIRED","LOW","LOW","LOW","UNKNOWN"
"P3","Araceae","Monstera","Monstera standleyana ‘Aurea’","CULTIVAR_OR_HYBRID","Longue traîne collector à ne publier qu’après vérification du statut horticole et d’un contenu distinctif.","P3","/plantes/monstera","EXACT_OWNER_OR_LICENSED_PHOTO_REQUIRED","TAXONOMY_RESEARCH_REQUIRED","LOW","LOW","LOW","UNKNOWN"
"P3","Araceae","Monstera","Monstera deliciosa ‘Aurea’","CULTIVAR_OR_HYBRID","Longue traîne collector à ne publier qu’après vérification du statut horticole et d’un contenu distinctif.","P3","/plantes/monstera","EXACT_OWNER_OR_LICENSED_PHOTO_REQUIRED","TAXONOMY_RESEARCH_REQUIRED","LOW","LOW","LOW","UNKNOWN"
"P3","Araceae","Alocasia","Alocasia reginula ‘Aurea’","CULTIVAR_OR_HYBRID","Longue traîne collector à ne publier qu’après vérification du statut horticole et d’un contenu distinctif.","P3","/plantes/alocasia","EXACT_OWNER_OR_LICENSED_PHOTO_REQUIRED","TAXONOMY_RESEARCH_REQUIRED","LOW","LOW","LOW","UNKNOWN"
"P3","Araceae","Alocasia","Alocasia reginula pink-variegated selection","CULTIVAR_OR_HYBRID","Longue traîne collector à ne publier qu’après vérification du statut horticole et d’un contenu distinctif.","P3","/plantes/alocasia","EXACT_OWNER_OR_LICENSED_PHOTO_REQUIRED","TAXONOMY_RESEARCH_REQUIRED","LOW","LOW","LOW","UNKNOWN"
"P3","Araceae","Alocasia","Alocasia micholitziana variegated selection","CULTIVAR_OR_HYBRID","Longue traîne collector à ne publier qu’après vérification du statut horticole et d’un contenu distinctif.","P3","/plantes/alocasia","EXACT_OWNER_OR_LICENSED_PHOTO_REQUIRED","TAXONOMY_RESEARCH_REQUIRED","LOW","LOW","LOW","UNKNOWN"
"P3","Araceae","Alocasia","‘Pink Dragon’","CULTIVAR_OR_HYBRID","Longue traîne collector à ne publier qu’après vérification du statut horticole et d’un contenu distinctif.","P3","/plantes/alocasia","EXACT_OWNER_OR_LICENSED_PHOTO_REQUIRED","TAXONOMY_RESEARCH_REQUIRED","LOW","LOW","LOW","UNKNOWN"
"P3","Araceae","Alocasia","‘Platinum’","CULTIVAR_OR_HYBRID","Longue traîne collector à ne publier qu’après vérification du statut horticole et d’un contenu distinctif.","P3","/plantes/alocasia","EXACT_OWNER_OR_LICENSED_PHOTO_REQUIRED","TAXONOMY_RESEARCH_REQUIRED","LOW","LOW","LOW","UNKNOWN"
