"URL","HTTP_STATUS","FINAL_URL","INTERNAL_LINK_COUNT","CANONICAL","ROBOTS_META","H1_COUNT","PRELAUNCH_CURTAIN","SAFE_LINK_MASK"
"https://jungle.tibaldo.fr/","200","https://jungle.tibaldo.fr/","75","https://jungle.tibaldo.fr/","","1","YES","PRESENT_IN_HTML_OR_ASSET_GRAPH"
"https://jungle.tibaldo.fr/plantes","200","https://jungle.tibaldo.fr/plantes","108","https://jungle.tibaldo.fr/plantes","","1","YES","PRESENT_IN_HTML_OR_ASSET_GRAPH"
"https://jungle.tibaldo.fr/fleurs","200","https://jungle.tibaldo.fr/fleurs","71","https://jungle.tibaldo.fr/fleurs","","1","YES","PRESENT_IN_HTML_OR_ASSET_GRAPH"
"https://jungle.tibaldo.fr/substrats","200","https://jungle.tibaldo.fr/substrats","76","https://jungle.tibaldo.fr/substrats","","1","YES","PRESENT_IN_HTML_OR_ASSET_GRAPH"
"https://jungle.tibaldo.fr/rempotage","200","https://jungle.tibaldo.fr/rempotage","67","https://jungle.tibaldo.fr/rempotage","","1","YES","PRESENT_IN_HTML_OR_ASSET_GRAPH"
"https://jungle.tibaldo.fr/evenements","200","https://jungle.tibaldo.fr/evenements","62","https://jungle.tibaldo.fr/evenements","","1","YES","PRESENT_IN_HTML_OR_ASSET_GRAPH"
"https://jungle.tibaldo.fr/services","200","https://jungle.tibaldo.fr/services","69","https://jungle.tibaldo.fr/services","","1","YES","PRESENT_IN_HTML_OR_ASSET_GRAPH"
"https://jungle.tibaldo.fr/coulisses","200","https://jungle.tibaldo.fr/coulisses","60","https://jungle.tibaldo.fr/coulisses","","1","YES","PRESENT_IN_HTML_OR_ASSET_GRAPH"
"https://jungle.tibaldo.fr/contact","200","https://jungle.tibaldo.fr/contact","60","https://jungle.tibaldo.fr/contact","","1","YES","PRESENT_IN_HTML_OR_ASSET_GRAPH"
"https://jungle.tibaldo.fr/boutique-plantes-lille","200","https://jungle.tibaldo.fr/boutique-plantes-lille","65","https://jungle.tibaldo.fr/boutique-plantes-lille","","1","YES","PRESENT_IN_HTML_OR_ASSET_GRAPH"
"https://jungle.tibaldo.fr/substrats-en-vrac-lille","200","https://jungle.tibaldo.fr/substrats-en-vrac-lille","63","https://jungle.tibaldo.fr/substrats-en-vrac-lille","","1","YES","PRESENT_IN_HTML_OR_ASSET_GRAPH"
"https://jungle.tibaldo.fr/pots-cache-pots-lille","200","https://jungle.tibaldo.fr/pots-cache-pots-lille","64","https://jungle.tibaldo.fr/pots-cache-pots-lille","","1","YES","PRESENT_IN_HTML_OR_ASSET_GRAPH"
"https://jungle.tibaldo.fr/fleurs-sur-commande-lille","200","https://jungle.tibaldo.fr/fleurs-sur-commande-lille","64","https://jungle.tibaldo.fr/fleurs-sur-commande-lille","","1","YES","PRESENT_IN_HTML_OR_ASSET_GRAPH"
"https://jungle.tibaldo.fr/fleurs-mariage-lille","200","https://jungle.tibaldo.fr/fleurs-mariage-lille","62","https://jungle.tibaldo.fr/fleurs-mariage-lille","","1","YES","PRESENT_IN_HTML_OR_ASSET_GRAPH"
"https://jungle.tibaldo.fr/fleurs-evenement-lille","200","https://jungle.tibaldo.fr/fleurs-evenement-lille","62","https://jungle.tibaldo.fr/fleurs-evenement-lille","","1","YES","PRESENT_IN_HTML_OR_ASSET_GRAPH"
"https://jungle.tibaldo.fr/livraison-plantes-lille","200","https://jungle.tibaldo.fr/livraison-plantes-lille","62","https://jungle.tibaldo.fr/livraison-plantes-lille","","1","YES","PRESENT_IN_HTML_OR_ASSET_GRAPH"
"https://jungle.tibaldo.fr/mur-vegetal-naturel-lille","200","https://jungle.tibaldo.fr/mur-vegetal-naturel-lille","63","https://jungle.tibaldo.fr/mur-vegetal-naturel-lille","","1","YES","PRESENT_IN_HTML_OR_ASSET_GRAPH"
"https://jungle.tibaldo.fr/sos-plantes","200","https://jungle.tibaldo.fr/sos-plantes","65","https://jungle.tibaldo.fr/sos-plantes","","1","YES","PRESENT_IN_HTML_OR_ASSET_GRAPH"
"https://jungle.tibaldo.fr/conseils","200","https://jungle.tibaldo.fr/conseils","78","https://jungle.tibaldo.fr/conseils","","1","YES","PRESENT_IN_HTML_OR_ASSET_GRAPH"
"https://jungle.tibaldo.fr/plantes/bananiers","200","https://jungle.tibaldo.fr/plantes/bananiers","69","https://jungle.tibaldo.fr/plantes/bananiers","","1","YES","PRESENT_IN_HTML_OR_ASSET_GRAPH"
"https://jungle.tibaldo.fr/conseils/feuilles-jaunes-plantes-interieur","200","https://jungle.tibaldo.fr/conseils/feuilles-jaunes-plantes-interieur","61","https://jungle.tibaldo.fr/conseils/feuilles-jaunes-plantes-interieur","","1","YES","PRESENT_IN_HTML_OR_ASSET_GRAPH"
"https://jungle.tibaldo.fr/conseils/thrips-plantes-interieur","200","https://jungle.tibaldo.fr/conseils/thrips-plantes-interieur","61","https://jungle.tibaldo.fr/conseils/thrips-plantes-interieur","","1","YES","PRESENT_IN_HTML_OR_ASSET_GRAPH"
"https://jungle.tibaldo.fr/conseils/arroser-plantes-interieur","200","https://jungle.tibaldo.fr/conseils/arroser-plantes-interieur","61","https://jungle.tibaldo.fr/conseils/arroser-plantes-interieur","","1","YES","PRESENT_IN_HTML_OR_ASSET_GRAPH"
"https://jungle.tibaldo.fr/conseils/choisir-substrat-plante-interieur","200","https://jungle.tibaldo.fr/conseils/choisir-substrat-plante-interieur","61","https://jungle.tibaldo.fr/conseils/choisir-substrat-plante-interieur","","1","YES","PRESENT_IN_HTML_OR_ASSET_GRAPH"
"https://jungle.tibaldo.fr/conseils/lumiere-plantes-interieur","200","https://jungle.tibaldo.fr/conseils/lumiere-plantes-interieur","61","https://jungle.tibaldo.fr/conseils/lumiere-plantes-interieur","","1","YES","PRESENT_IN_HTML_OR_ASSET_GRAPH"
"https://jungle.tibaldo.fr/conseils/pot-perce-cache-pot-coupelle","200","https://jungle.tibaldo.fr/conseils/pot-perce-cache-pot-coupelle","61","https://jungle.tibaldo.fr/conseils/pot-perce-cache-pot-coupelle","","1","YES","PRESENT_IN_HTML_OR_ASSET_GRAPH"
"https://jungle.tibaldo.fr/conseils/engrais-plantes-interieur","200","https://jungle.tibaldo.fr/conseils/engrais-plantes-interieur","61","https://jungle.tibaldo.fr/conseils/engrais-plantes-interieur","","1","YES","PRESENT_IN_HTML_OR_ASSET_GRAPH"
"https://jungle.tibaldo.fr/conseils/plantes-interieur-hiver","200","https://jungle.tibaldo.fr/conseils/plantes-interieur-hiver","61","https://jungle.tibaldo.fr/conseils/plantes-interieur-hiver","","1","YES","PRESENT_IN_HTML_OR_ASSET_GRAPH"
"https://jungle.tibaldo.fr/conseils/humidite-plantes-tropicales","200","https://jungle.tibaldo.fr/conseils/humidite-plantes-tropicales","61","https://jungle.tibaldo.fr/conseils/humidite-plantes-tropicales","","1","YES","PRESENT_IN_HTML_OR_ASSET_GRAPH"
"https://jungle.tibaldo.fr/conseils/araignees-rouges-plantes","200","https://jungle.tibaldo.fr/conseils/araignees-rouges-plantes","61","https://jungle.tibaldo.fr/conseils/araignees-rouges-plantes","","1","YES","PRESENT_IN_HTML_OR_ASSET_GRAPH"
"https://jungle.tibaldo.fr/conseils/choisir-plante-selon-piece","200","https://jungle.tibaldo.fr/conseils/choisir-plante-selon-piece","61","https://jungle.tibaldo.fr/conseils/choisir-plante-selon-piece","","1","YES","PRESENT_IN_HTML_OR_ASSET_GRAPH"
"https://jungle.tibaldo.fr/conseils/nettoyer-feuilles-plantes","200","https://jungle.tibaldo.fr/conseils/nettoyer-feuilles-plantes","61","https://jungle.tibaldo.fr/conseils/nettoyer-feuilles-plantes","","1","YES","PRESENT_IN_HTML_OR_ASSET_GRAPH"
"https://jungle.tibaldo.fr/fleurs/rose","200","https://jungle.tibaldo.fr/fleurs/rose","67","https://jungle.tibaldo.fr/fleurs/rose","","1","YES","PRESENT_IN_HTML_OR_ASSET_GRAPH"
"https://jungle.tibaldo.fr/fleurs/pivoine","200","https://jungle.tibaldo.fr/fleurs/pivoine","67","https://jungle.tibaldo.fr/fleurs/pivoine","","1","YES","PRESENT_IN_HTML_OR_ASSET_GRAPH"
"https://jungle.tibaldo.fr/fleurs/gypsophile","200","https://jungle.tibaldo.fr/fleurs/gypsophile","67","https://jungle.tibaldo.fr/fleurs/gypsophile","","1","YES","PRESENT_IN_HTML_OR_ASSET_GRAPH"
"https://jungle.tibaldo.fr/fleurs/hortensia","200","https://jungle.tibaldo.fr/fleurs/hortensia","67","https://jungle.tibaldo.fr/fleurs/hortensia","","1","YES","PRESENT_IN_HTML_OR_ASSET_GRAPH"
"https://jungle.tibaldo.fr/fleurs/renoncule","200","https://jungle.tibaldo.fr/fleurs/renoncule","67","https://jungle.tibaldo.fr/fleurs/renoncule","","1","YES","PRESENT_IN_HTML_OR_ASSET_GRAPH"
"https://jungle.tibaldo.fr/substrats/terreau-signature","200","https://jungle.tibaldo.fr/substrats/terreau-signature","64","https://jungle.tibaldo.fr/substrats/terreau-signature","","1","YES","PRESENT_IN_HTML_OR_ASSET_GRAPH"
"https://jungle.tibaldo.fr/substrats/ecorce-de-pin","200","https://jungle.tibaldo.fr/substrats/ecorce-de-pin","64","https://jungle.tibaldo.fr/substrats/ecorce-de-pin","","1","YES","PRESENT_IN_HTML_OR_ASSET_GRAPH"
"https://jungle.tibaldo.fr/substrats/chips-coco","200","https://jungle.tibaldo.fr/substrats/chips-coco","64","https://jungle.tibaldo.fr/substrats/chips-coco","","1","YES","PRESENT_IN_HTML_OR_ASSET_GRAPH"
"https://jungle.tibaldo.fr/substrats/perlite","200","https://jungle.tibaldo.fr/substrats/perlite","64","https://jungle.tibaldo.fr/substrats/perlite","","1","YES","PRESENT_IN_HTML_OR_ASSET_GRAPH"
"https://jungle.tibaldo.fr/substrats/sphaigne-sechee","200","https://jungle.tibaldo.fr/substrats/sphaigne-sechee","64","https://jungle.tibaldo.fr/substrats/sphaigne-sechee","","1","YES","PRESENT_IN_HTML_OR_ASSET_GRAPH"
"https://jungle.tibaldo.fr/substrats/charbon-actif","200","https://jungle.tibaldo.fr/substrats/charbon-actif","64","https://jungle.tibaldo.fr/substrats/charbon-actif","","1","YES","PRESENT_IN_HTML_OR_ASSET_GRAPH"
"https://jungle.tibaldo.fr/substrats/billes-argile","200","https://jungle.tibaldo.fr/substrats/billes-argile","64","https://jungle.tibaldo.fr/substrats/billes-argile","","1","YES","PRESENT_IN_HTML_OR_ASSET_GRAPH"
"https://jungle.tibaldo.fr/substrats/vermiculite","200","https://jungle.tibaldo.fr/substrats/vermiculite","64","https://jungle.tibaldo.fr/substrats/vermiculite","","1","YES","PRESENT_IN_HTML_OR_ASSET_GRAPH"
"https://jungle.tibaldo.fr/substrats/zeolite","200","https://jungle.tibaldo.fr/substrats/zeolite","64","https://jungle.tibaldo.fr/substrats/zeolite","","1","YES","PRESENT_IN_HTML_OR_ASSET_GRAPH"
"https://jungle.tibaldo.fr/plantes/agave","200","https://jungle.tibaldo.fr/plantes/agave","64","https://jungle.tibaldo.fr/plantes/agave","","1","YES","PRESENT_IN_HTML_OR_ASSET_GRAPH"
"https://jungle.tibaldo.fr/plantes/fatsia","200","https://jungle.tibaldo.fr/plantes/fatsia","64","https://jungle.tibaldo.fr/plantes/fatsia","","1","YES","PRESENT_IN_HTML_OR_ASSET_GRAPH"
"https://jungle.tibaldo.fr/plantes/strelitzia","200","https://jungle.tibaldo.fr/plantes/strelitzia","68","https://jungle.tibaldo.fr/plantes/strelitzia","","1","YES","PRESENT_IN_HTML_OR_ASSET_GRAPH"
"https://jungle.tibaldo.fr/plantes/aloe","200","https://jungle.tibaldo.fr/plantes/aloe","64","https://jungle.tibaldo.fr/plantes/aloe","","1","YES","PRESENT_IN_HTML_OR_ASSET_GRAPH"
"https://jungle.tibaldo.fr/plantes/chlorophytum","200","https://jungle.tibaldo.fr/plantes/chlorophytum","64","https://jungle.tibaldo.fr/plantes/chlorophytum","","1","YES","PRESENT_IN_HTML_OR_ASSET_GRAPH"
"https://jungle.tibaldo.fr/plantes/yucca","200","https://jungle.tibaldo.fr/plantes/yucca","64","https://jungle.tibaldo.fr/plantes/yucca","","1","YES","PRESENT_IN_HTML_OR_ASSET_GRAPH"
"https://jungle.tibaldo.fr/plantes/cycas","200","https://jungle.tibaldo.fr/plantes/cycas","64","https://jungle.tibaldo.fr/plantes/cycas","","1","YES","PRESENT_IN_HTML_OR_ASSET_GRAPH"
"https://jungle.tibaldo.fr/plantes/dicksonia","200","https://jungle.tibaldo.fr/plantes/dicksonia","64","https://jungle.tibaldo.fr/plantes/dicksonia","","1","YES","PRESENT_IN_HTML_OR_ASSET_GRAPH"
"https://jungle.tibaldo.fr/plantes/plumeria","200","https://jungle.tibaldo.fr/plantes/plumeria","64","https://jungle.tibaldo.fr/plantes/plumeria","","1","YES","PRESENT_IN_HTML_OR_ASSET_GRAPH"
"https://jungle.tibaldo.fr/plantes/equisetum","200","https://jungle.tibaldo.fr/plantes/equisetum","64","https://jungle.tibaldo.fr/plantes/equisetum","","1","YES","PRESENT_IN_HTML_OR_ASSET_GRAPH"
"https://jungle.tibaldo.fr/plantes/ficus","200","https://jungle.tibaldo.fr/plantes/ficus","64","https://jungle.tibaldo.fr/plantes/ficus","","1","YES","PRESENT_IN_HTML_OR_ASSET_GRAPH"
"https://jungle.tibaldo.fr/plantes/syngonium","200","https://jungle.tibaldo.fr/plantes/syngonium","64","https://jungle.tibaldo.fr/plantes/syngonium","","1","YES","PRESENT_IN_HTML_OR_ASSET_GRAPH"
"https://jungle.tibaldo.fr/plantes/hoya","200","https://jungle.tibaldo.fr/plantes/hoya","64","https://jungle.tibaldo.fr/plantes/hoya","","1","YES","PRESENT_IN_HTML_OR_ASSET_GRAPH"
"https://jungle.tibaldo.fr/plantes/sansevieria","200","https://jungle.tibaldo.fr/plantes/sansevieria","64","https://jungle.tibaldo.fr/plantes/sansevieria","","1","YES","PRESENT_IN_HTML_OR_ASSET_GRAPH"
"https://jungle.tibaldo.fr/plantes/fougeres","200","https://jungle.tibaldo.fr/plantes/fougeres","63","https://jungle.tibaldo.fr/plantes/fougeres","","1","YES","PRESENT_IN_HTML_OR_ASSET_GRAPH"
"https://jungle.tibaldo.fr/plantes/musa","200","https://jungle.tibaldo.fr/plantes/musa","66","https://jungle.tibaldo.fr/plantes/musa","","1","YES","PRESENT_IN_HTML_OR_ASSET_GRAPH"
"https://jungle.tibaldo.fr/plantes/ensete","200","https://jungle.tibaldo.fr/plantes/ensete","64","https://jungle.tibaldo.fr/plantes/ensete","","1","YES","PRESENT_IN_HTML_OR_ASSET_GRAPH"
"https://jungle.tibaldo.fr/plantes/alocasia","200","https://jungle.tibaldo.fr/plantes/alocasia","76","https://jungle.tibaldo.fr/plantes/alocasia","","1","YES","PRESENT_IN_HTML_OR_ASSET_GRAPH"
"https://jungle.tibaldo.fr/plantes/anthurium","200","https://jungle.tibaldo.fr/plantes/anthurium","77","https://jungle.tibaldo.fr/plantes/anthurium","","1","YES","PRESENT_IN_HTML_OR_ASSET_GRAPH"
"https://jungle.tibaldo.fr/plantes/monstera","200","https://jungle.tibaldo.fr/plantes/monstera","75","https://jungle.tibaldo.fr/plantes/monstera","","1","YES","PRESENT_IN_HTML_OR_ASSET_GRAPH"
"https://jungle.tibaldo.fr/plantes/philodendron","200","https://jungle.tibaldo.fr/plantes/philodendron","71","https://jungle.tibaldo.fr/plantes/philodendron","","1","YES","PRESENT_IN_HTML_OR_ASSET_GRAPH"
"https://jungle.tibaldo.fr/plantes/epipremnum","200","https://jungle.tibaldo.fr/plantes/epipremnum","64","https://jungle.tibaldo.fr/plantes/epipremnum","","1","YES","PRESENT_IN_HTML_OR_ASSET_GRAPH"
"https://jungle.tibaldo.fr/plantes/asparagus","200","https://jungle.tibaldo.fr/plantes/asparagus","64","https://jungle.tibaldo.fr/plantes/asparagus","","1","YES","PRESENT_IN_HTML_OR_ASSET_GRAPH"
"https://jungle.tibaldo.fr/plantes/colocasia","200","https://jungle.tibaldo.fr/plantes/colocasia","64","https://jungle.tibaldo.fr/plantes/colocasia","","1","YES","PRESENT_IN_HTML_OR_ASSET_GRAPH"
"https://jungle.tibaldo.fr/plantes/pilea","200","https://jungle.tibaldo.fr/plantes/pilea","65","https://jungle.tibaldo.fr/plantes/pilea","","1","YES","PRESENT_IN_HTML_OR_ASSET_GRAPH"
"https://jungle.tibaldo.fr/plantes/peperomia","200","https://jungle.tibaldo.fr/plantes/peperomia","63","https://jungle.tibaldo.fr/plantes/peperomia","","1","YES","PRESENT_IN_HTML_OR_ASSET_GRAPH"
"https://jungle.tibaldo.fr/plantes/maranta","200","https://jungle.tibaldo.fr/plantes/maranta","64","https://jungle.tibaldo.fr/plantes/maranta","","1","YES","PRESENT_IN_HTML_OR_ASSET_GRAPH"
"https://jungle.tibaldo.fr/plantes/calathea","200","https://jungle.tibaldo.fr/plantes/calathea","63","https://jungle.tibaldo.fr/plantes/calathea","","1","YES","PRESENT_IN_HTML_OR_ASSET_GRAPH"
"https://jungle.tibaldo.fr/plantes/cactus","200","https://jungle.tibaldo.fr/plantes/cactus","63","https://jungle.tibaldo.fr/plantes/cactus","","1","YES","PRESENT_IN_HTML_OR_ASSET_GRAPH"
"https://jungle.tibaldo.fr/plantes/epiphyllum","200","https://jungle.tibaldo.fr/plantes/epiphyllum","64","https://jungle.tibaldo.fr/plantes/epiphyllum","","1","YES","PRESENT_IN_HTML_OR_ASSET_GRAPH"
"https://jungle.tibaldo.fr/plantes/famille/araceae","200","https://jungle.tibaldo.fr/plantes/famille/araceae","118","https://jungle.tibaldo.fr/plantes/famille/araceae","","1","YES","PRESENT_IN_HTML_OR_ASSET_GRAPH"
"https://jungle.tibaldo.fr/plantes/famille/asparagaceae","200","https://jungle.tibaldo.fr/plantes/famille/asparagaceae","71","https://jungle.tibaldo.fr/plantes/famille/asparagaceae","","1","YES","PRESENT_IN_HTML_OR_ASSET_GRAPH"
"https://jungle.tibaldo.fr/plantes/famille/musaceae","200","https://jungle.tibaldo.fr/plantes/famille/musaceae","67","https://jungle.tibaldo.fr/plantes/famille/musaceae","","1","YES","PRESENT_IN_HTML_OR_ASSET_GRAPH"
"https://jungle.tibaldo.fr/plantes/alocasia/imperial-red","200","https://jungle.tibaldo.fr/plantes/alocasia/imperial-red","73","https://jungle.tibaldo.fr/plantes/alocasia/imperial-red","","1","YES","PRESENT_IN_HTML_OR_ASSET_GRAPH"
"https://jungle.tibaldo.fr/plantes/anthurium/pallidiflorum","200","https://jungle.tibaldo.fr/plantes/anthurium/pallidiflorum","73","https://jungle.tibaldo.fr/plantes/anthurium/pallidiflorum","","1","YES","PRESENT_IN_HTML_OR_ASSET_GRAPH"
"https://jungle.tibaldo.fr/plantes/anthurium/veitchii","200","https://jungle.tibaldo.fr/plantes/anthurium/veitchii","77","https://jungle.tibaldo.fr/plantes/anthurium/veitchii","","1","YES","PRESENT_IN_HTML_OR_ASSET_GRAPH"
"https://jungle.tibaldo.fr/plantes/philodendron/billietiae","200","https://jungle.tibaldo.fr/plantes/philodendron/billietiae","74","https://jungle.tibaldo.fr/plantes/philodendron/billietiae","","1","YES","PRESENT_IN_HTML_OR_ASSET_GRAPH"
"https://jungle.tibaldo.fr/plantes/pilea/peperomioides","200","https://jungle.tibaldo.fr/plantes/pilea/peperomioides","74","https://jungle.tibaldo.fr/plantes/pilea/peperomioides","","1","YES","PRESENT_IN_HTML_OR_ASSET_GRAPH"
"https://jungle.tibaldo.fr/plantes/asparagus/plumosus","200","https://jungle.tibaldo.fr/plantes/asparagus/plumosus","73","https://jungle.tibaldo.fr/plantes/asparagus/plumosus","","1","YES","PRESENT_IN_HTML_OR_ASSET_GRAPH"
"https://jungle.tibaldo.fr/plantes/epipremnum/marble-queen","200","https://jungle.tibaldo.fr/plantes/epipremnum/marble-queen","73","https://jungle.tibaldo.fr/plantes/epipremnum/marble-queen","","1","YES","PRESENT_IN_HTML_OR_ASSET_GRAPH"
"https://jungle.tibaldo.fr/plantes/epiphyllum/anguliger","200","https://jungle.tibaldo.fr/plantes/epiphyllum/anguliger","72","https://jungle.tibaldo.fr/plantes/epiphyllum/anguliger","","1","YES","PRESENT_IN_HTML_OR_ASSET_GRAPH"
"https://jungle.tibaldo.fr/plantes/monstera/deliciosa","200","https://jungle.tibaldo.fr/plantes/monstera/deliciosa","73","https://jungle.tibaldo.fr/plantes/monstera/deliciosa","","1","YES","PRESENT_IN_HTML_OR_ASSET_GRAPH"
"https://jungle.tibaldo.fr/plantes/monstera/thai-constellation","200","https://jungle.tibaldo.fr/plantes/monstera/thai-constellation","75","https://jungle.tibaldo.fr/plantes/monstera/thai-constellation","","1","YES","PRESENT_IN_HTML_OR_ASSET_GRAPH"
"https://jungle.tibaldo.fr/plantes/monstera/mint","200","https://jungle.tibaldo.fr/plantes/monstera/mint","72","https://jungle.tibaldo.fr/plantes/monstera/mint","","1","YES","PRESENT_IN_HTML_OR_ASSET_GRAPH"
"https://jungle.tibaldo.fr/plantes/monstera/adansonii","200","https://jungle.tibaldo.fr/plantes/monstera/adansonii","72","https://jungle.tibaldo.fr/plantes/monstera/adansonii","","1","YES","PRESENT_IN_HTML_OR_ASSET_GRAPH"
"https://jungle.tibaldo.fr/plantes/philodendron/royal-queen","200","https://jungle.tibaldo.fr/plantes/philodendron/royal-queen","72","https://jungle.tibaldo.fr/plantes/philodendron/royal-queen","","1","YES","PRESENT_IN_HTML_OR_ASSET_GRAPH"
"https://jungle.tibaldo.fr/plantes/anthurium/delta-force","200","https://jungle.tibaldo.fr/plantes/anthurium/delta-force","73","https://jungle.tibaldo.fr/plantes/anthurium/delta-force","","1","YES","PRESENT_IN_HTML_OR_ASSET_GRAPH"
"https://jungle.tibaldo.fr/plantes/philodendron/melanochrysum","200","https://jungle.tibaldo.fr/plantes/philodendron/melanochrysum","73","https://jungle.tibaldo.fr/plantes/philodendron/melanochrysum","","1","YES","PRESENT_IN_HTML_OR_ASSET_GRAPH"
"https://jungle.tibaldo.fr/plantes/philodendron/brasil","200","https://jungle.tibaldo.fr/plantes/philodendron/brasil","72","https://jungle.tibaldo.fr/plantes/philodendron/brasil","","1","YES","PRESENT_IN_HTML_OR_ASSET_GRAPH"
"https://jungle.tibaldo.fr/plantes/anthurium/regale","200","https://jungle.tibaldo.fr/plantes/anthurium/regale","70","https://jungle.tibaldo.fr/plantes/anthurium/regale","","1","YES","PRESENT_IN_HTML_OR_ASSET_GRAPH"
"https://jungle.tibaldo.fr/plantes/anthurium/papillilaminum-dark-phoenix","200","https://jungle.tibaldo.fr/plantes/anthurium/papillilaminum-dark-phoenix","70","https://jungle.tibaldo.fr/plantes/anthurium/papillilaminum-dark-phoenix","","1","YES","PRESENT_IN_HTML_OR_ASSET_GRAPH"
"https://jungle.tibaldo.fr/plantes/anthurium/forgetii-dark-form-silver-blush","200","https://jungle.tibaldo.fr/plantes/anthurium/forgetii-dark-form-silver-blush","70","https://jungle.tibaldo.fr/plantes/anthurium/forgetii-dark-form-silver-blush","","1","YES","PRESENT_IN_HTML_OR_ASSET_GRAPH"
"https://jungle.tibaldo.fr/plantes/philodendron/gloriosum","200","https://jungle.tibaldo.fr/plantes/philodendron/gloriosum","70","https://jungle.tibaldo.fr/plantes/philodendron/gloriosum","","1","YES","PRESENT_IN_HTML_OR_ASSET_GRAPH"
"https://jungle.tibaldo.fr/plantes/philodendron/grazielae","200","https://jungle.tibaldo.fr/plantes/philodendron/grazielae","70","https://jungle.tibaldo.fr/plantes/philodendron/grazielae","","1","YES","PRESENT_IN_HTML_OR_ASSET_GRAPH"
"https://jungle.tibaldo.fr/plantes/monstera/burle-marx-flame","200","https://jungle.tibaldo.fr/plantes/monstera/burle-marx-flame","70","https://jungle.tibaldo.fr/plantes/monstera/burle-marx-flame","","1","YES","PRESENT_IN_HTML_OR_ASSET_GRAPH"
"https://jungle.tibaldo.fr/plantes/monstera/esqueleto","200","https://jungle.tibaldo.fr/plantes/monstera/esqueleto","71","https://jungle.tibaldo.fr/plantes/monstera/esqueleto","","1","YES","PRESENT_IN_HTML_OR_ASSET_GRAPH"
"https://jungle.tibaldo.fr/plantes/pilea/cadierei","200","https://jungle.tibaldo.fr/plantes/pilea/cadierei","70","https://jungle.tibaldo.fr/plantes/pilea/cadierei","","1","YES","PRESENT_IN_HTML_OR_ASSET_GRAPH"
"https://jungle.tibaldo.fr/plantes/colocasia/esculenta-eddo","200","https://jungle.tibaldo.fr/plantes/colocasia/esculenta-eddo","71","https://jungle.tibaldo.fr/plantes/colocasia/esculenta-eddo","","1","YES","PRESENT_IN_HTML_OR_ASSET_GRAPH"
"https://jungle.tibaldo.fr/plantes/yucca/rostrata","200","https://jungle.tibaldo.fr/plantes/yucca/rostrata","70","https://jungle.tibaldo.fr/plantes/yucca/rostrata","","1","YES","PRESENT_IN_HTML_OR_ASSET_GRAPH"
"https://jungle.tibaldo.fr/plantes/aloe/vera","200","https://jungle.tibaldo.fr/plantes/aloe/vera","70","https://jungle.tibaldo.fr/plantes/aloe/vera","","1","YES","PRESENT_IN_HTML_OR_ASSET_GRAPH"
"https://jungle.tibaldo.fr/plantes/chlorophytum/comosum","200","https://jungle.tibaldo.fr/plantes/chlorophytum/comosum","70","https://jungle.tibaldo.fr/plantes/chlorophytum/comosum","","1","YES","PRESENT_IN_HTML_OR_ASSET_GRAPH"
"https://jungle.tibaldo.fr/plantes/plumeria/rubra","200","https://jungle.tibaldo.fr/plantes/plumeria/rubra","70","https://jungle.tibaldo.fr/plantes/plumeria/rubra","","1","YES","PRESENT_IN_HTML_OR_ASSET_GRAPH"
"https://jungle.tibaldo.fr/plantes/equisetum/japonicum","200","https://jungle.tibaldo.fr/plantes/equisetum/japonicum","70","https://jungle.tibaldo.fr/plantes/equisetum/japonicum","","1","YES","PRESENT_IN_HTML_OR_ASSET_GRAPH"
"https://jungle.tibaldo.fr/plantes/monstera/dubia","200","https://jungle.tibaldo.fr/plantes/monstera/dubia","71","https://jungle.tibaldo.fr/plantes/monstera/dubia","","1","YES","PRESENT_IN_HTML_OR_ASSET_GRAPH"
"https://jungle.tibaldo.fr/plantes/monstera/siltepecana","200","https://jungle.tibaldo.fr/plantes/monstera/siltepecana","71","https://jungle.tibaldo.fr/plantes/monstera/siltepecana","","1","YES","PRESENT_IN_HTML_OR_ASSET_GRAPH"
"https://jungle.tibaldo.fr/plantes/monstera/obliqua","200","https://jungle.tibaldo.fr/plantes/monstera/obliqua","71","https://jungle.tibaldo.fr/plantes/monstera/obliqua","","1","YES","PRESENT_IN_HTML_OR_ASSET_GRAPH"
"https://jungle.tibaldo.fr/plantes/monstera/pinnatipartita","200","https://jungle.tibaldo.fr/plantes/monstera/pinnatipartita","71","https://jungle.tibaldo.fr/plantes/monstera/pinnatipartita","","1","YES","PRESENT_IN_HTML_OR_ASSET_GRAPH"
"https://jungle.tibaldo.fr/plantes/monstera/standleyana","200","https://jungle.tibaldo.fr/plantes/monstera/standleyana","71","https://jungle.tibaldo.fr/plantes/monstera/standleyana","","1","YES","PRESENT_IN_HTML_OR_ASSET_GRAPH"
"https://jungle.tibaldo.fr/plantes/anthurium/crystallinum","200","https://jungle.tibaldo.fr/plantes/anthurium/crystallinum","72","https://jungle.tibaldo.fr/plantes/anthurium/crystallinum","","1","YES","PRESENT_IN_HTML_OR_ASSET_GRAPH"
"https://jungle.tibaldo.fr/plantes/anthurium/magnificum","200","https://jungle.tibaldo.fr/plantes/anthurium/magnificum","71","https://jungle.tibaldo.fr/plantes/anthurium/magnificum","","1","YES","PRESENT_IN_HTML_OR_ASSET_GRAPH"
"https://jungle.tibaldo.fr/plantes/anthurium/forgetii","200","https://jungle.tibaldo.fr/plantes/anthurium/forgetii","71","https://jungle.tibaldo.fr/plantes/anthurium/forgetii","","1","YES","PRESENT_IN_HTML_OR_ASSET_GRAPH"
"https://jungle.tibaldo.fr/plantes/anthurium/papillilaminum","200","https://jungle.tibaldo.fr/plantes/anthurium/papillilaminum","71","https://jungle.tibaldo.fr/plantes/anthurium/papillilaminum","","1","YES","PRESENT_IN_HTML_OR_ASSET_GRAPH"
"https://jungle.tibaldo.fr/plantes/alocasia/cuprea","200","https://jungle.tibaldo.fr/plantes/alocasia/cuprea","72","https://jungle.tibaldo.fr/plantes/alocasia/cuprea","","1","YES","PRESENT_IN_HTML_OR_ASSET_GRAPH"
"https://jungle.tibaldo.fr/plantes/alocasia/zebrina","200","https://jungle.tibaldo.fr/plantes/alocasia/zebrina","71","https://jungle.tibaldo.fr/plantes/alocasia/zebrina","","1","YES","PRESENT_IN_HTML_OR_ASSET_GRAPH"
"https://jungle.tibaldo.fr/plantes/alocasia/reginula","200","https://jungle.tibaldo.fr/plantes/alocasia/reginula","71","https://jungle.tibaldo.fr/plantes/alocasia/reginula","","1","YES","PRESENT_IN_HTML_OR_ASSET_GRAPH"
"https://jungle.tibaldo.fr/plantes/alocasia/micholitziana","200","https://jungle.tibaldo.fr/plantes/alocasia/micholitziana","71","https://jungle.tibaldo.fr/plantes/alocasia/micholitziana","","1","YES","PRESENT_IN_HTML_OR_ASSET_GRAPH"
"https://jungle.tibaldo.fr/plantes/alocasia/baginda","200","https://jungle.tibaldo.fr/plantes/alocasia/baginda","71","https://jungle.tibaldo.fr/plantes/alocasia/baginda","","1","YES","PRESENT_IN_HTML_OR_ASSET_GRAPH"
"https://jungle.tibaldo.fr/plantes/alocasia/sinuata","200","https://jungle.tibaldo.fr/plantes/alocasia/sinuata","71","https://jungle.tibaldo.fr/plantes/alocasia/sinuata","","1","YES","PRESENT_IN_HTML_OR_ASSET_GRAPH"
"https://jungle.tibaldo.fr/plantes/alocasia/longiloba","200","https://jungle.tibaldo.fr/plantes/alocasia/longiloba","71","https://jungle.tibaldo.fr/plantes/alocasia/longiloba","","1","YES","PRESENT_IN_HTML_OR_ASSET_GRAPH"
"https://jungle.tibaldo.fr/plantes/alocasia/macrorrhizos","200","https://jungle.tibaldo.fr/plantes/alocasia/macrorrhizos","71","https://jungle.tibaldo.fr/plantes/alocasia/macrorrhizos","","1","YES","PRESENT_IN_HTML_OR_ASSET_GRAPH"
"https://jungle.tibaldo.fr/plantes/alocasia/odora","200","https://jungle.tibaldo.fr/plantes/alocasia/odora","71","https://jungle.tibaldo.fr/plantes/alocasia/odora","","1","YES","PRESENT_IN_HTML_OR_ASSET_GRAPH"
"https://jungle.tibaldo.fr/plantes/maranta/lemon-lime","200","https://jungle.tibaldo.fr/plantes/maranta/lemon-lime","74","https://jungle.tibaldo.fr/plantes/maranta/lemon-lime","","1","YES","PRESENT_IN_HTML_OR_ASSET_GRAPH"
"https://jungle.tibaldo.fr/plantes/anthurium/clarinervium","200","https://jungle.tibaldo.fr/plantes/anthurium/clarinervium","73","https://jungle.tibaldo.fr/plantes/anthurium/clarinervium","","1","YES","PRESENT_IN_HTML_OR_ASSET_GRAPH"
"https://jungle.tibaldo.fr/plantes/anthurium/warocqueanum","200","https://jungle.tibaldo.fr/plantes/anthurium/warocqueanum","73","https://jungle.tibaldo.fr/plantes/anthurium/warocqueanum","","1","YES","PRESENT_IN_HTML_OR_ASSET_GRAPH"
"https://jungle.tibaldo.fr/plantes/musa/basjoo","200","https://jungle.tibaldo.fr/plantes/musa/basjoo","72","https://jungle.tibaldo.fr/plantes/musa/basjoo","","1","YES","PRESENT_IN_HTML_OR_ASSET_GRAPH"
"https://jungle.tibaldo.fr/plantes/musa/sikkimensis-red-tiger","200","https://jungle.tibaldo.fr/plantes/musa/sikkimensis-red-tiger","72","https://jungle.tibaldo.fr/plantes/musa/sikkimensis-red-tiger","","1","YES","PRESENT_IN_HTML_OR_ASSET_GRAPH"
"https://jungle.tibaldo.fr/plantes/musa/florida-variegata","200","https://jungle.tibaldo.fr/plantes/musa/florida-variegata","72","https://jungle.tibaldo.fr/plantes/musa/florida-variegata","","1","YES","PRESENT_IN_HTML_OR_ASSET_GRAPH"
"https://jungle.tibaldo.fr/plantes/ensete/ventricosum-maurelii","200","https://jungle.tibaldo.fr/plantes/ensete/ventricosum-maurelii","72","https://jungle.tibaldo.fr/plantes/ensete/ventricosum-maurelii","","1","YES","PRESENT_IN_HTML_OR_ASSET_GRAPH"
"https://jungle.tibaldo.fr/plantes/cycas/revoluta","200","https://jungle.tibaldo.fr/plantes/cycas/revoluta","74","https://jungle.tibaldo.fr/plantes/cycas/revoluta","","1","YES","PRESENT_IN_HTML_OR_ASSET_GRAPH"
"https://jungle.tibaldo.fr/plantes/dicksonia/antarctica","200","https://jungle.tibaldo.fr/plantes/dicksonia/antarctica","73","https://jungle.tibaldo.fr/plantes/dicksonia/antarctica","","1","YES","PRESENT_IN_HTML_OR_ASSET_GRAPH"
"https://jungle.tibaldo.fr/plantes/agave/americana-variegata","200","https://jungle.tibaldo.fr/plantes/agave/americana-variegata","72","https://jungle.tibaldo.fr/plantes/agave/americana-variegata","","1","YES","PRESENT_IN_HTML_OR_ASSET_GRAPH"
"https://jungle.tibaldo.fr/plantes/fatsia/japonica-spiders-web","200","https://jungle.tibaldo.fr/plantes/fatsia/japonica-spiders-web","72","https://jungle.tibaldo.fr/plantes/fatsia/japonica-spiders-web","","1","YES","PRESENT_IN_HTML_OR_ASSET_GRAPH"
"https://jungle.tibaldo.fr/plantes/strelitzia/alba","200","https://jungle.tibaldo.fr/plantes/strelitzia/alba","72","https://jungle.tibaldo.fr/plantes/strelitzia/alba","","1","YES","PRESENT_IN_HTML_OR_ASSET_GRAPH"
"https://jungle.tibaldo.fr/plantes/strelitzia/caudata","200","https://jungle.tibaldo.fr/plantes/strelitzia/caudata","72","https://jungle.tibaldo.fr/plantes/strelitzia/caudata","","1","YES","PRESENT_IN_HTML_OR_ASSET_GRAPH"
"https://jungle.tibaldo.fr/plantes/strelitzia/juncea","200","https://jungle.tibaldo.fr/plantes/strelitzia/juncea","72","https://jungle.tibaldo.fr/plantes/strelitzia/juncea","","1","YES","PRESENT_IN_HTML_OR_ASSET_GRAPH"
"https://jungle.tibaldo.fr/plantes/strelitzia/nicolai","200","https://jungle.tibaldo.fr/plantes/strelitzia/nicolai","72","https://jungle.tibaldo.fr/plantes/strelitzia/nicolai","","1","YES","PRESENT_IN_HTML_OR_ASSET_GRAPH"
"https://jungle.tibaldo.fr/plantes/strelitzia/reginae","200","https://jungle.tibaldo.fr/plantes/strelitzia/reginae","72","https://jungle.tibaldo.fr/plantes/strelitzia/reginae","","1","YES","PRESENT_IN_HTML_OR_ASSET_GRAPH"
"https://jungle.tibaldo.fr/plantes/alocasia/tandurusa","200","https://jungle.tibaldo.fr/plantes/alocasia/tandurusa","74","https://jungle.tibaldo.fr/plantes/alocasia/tandurusa","","1","YES","PRESENT_IN_HTML_OR_ASSET_GRAPH"
"https://jungle.tibaldo.fr/plantes/alocasia/melo","200","https://jungle.tibaldo.fr/plantes/alocasia/melo","73","https://jungle.tibaldo.fr/plantes/alocasia/melo","","1","YES","PRESENT_IN_HTML_OR_ASSET_GRAPH"
"https://jungle.tibaldo.fr/plantes/alocasia/mortfontanensis-polly","200","https://jungle.tibaldo.fr/plantes/alocasia/mortfontanensis-polly","74","https://jungle.tibaldo.fr/plantes/alocasia/mortfontanensis-polly","","1","YES","PRESENT_IN_HTML_OR_ASSET_GRAPH"
"https://jungle.tibaldo.fr/plantes/anthurium/luxurians","200","https://jungle.tibaldo.fr/plantes/anthurium/luxurians","73","https://jungle.tibaldo.fr/plantes/anthurium/luxurians","","1","YES","PRESENT_IN_HTML_OR_ASSET_GRAPH"
"https://jungle.tibaldo.fr/plantes/anthurium/wendlingeri","200","https://jungle.tibaldo.fr/plantes/anthurium/wendlingeri","74","https://jungle.tibaldo.fr/plantes/anthurium/wendlingeri","","1","YES","PRESENT_IN_HTML_OR_ASSET_GRAPH"
"https://jungle.tibaldo.fr/plantes/philodendron/hederaceum","200","https://jungle.tibaldo.fr/plantes/philodendron/hederaceum","74","https://jungle.tibaldo.fr/plantes/philodendron/hederaceum","","1","YES","PRESENT_IN_HTML_OR_ASSET_GRAPH"
"https://jungle.tibaldo.fr/plantes/philodendron/pink-princess","200","https://jungle.tibaldo.fr/plantes/philodendron/pink-princess","74","https://jungle.tibaldo.fr/plantes/philodendron/pink-princess","","1","YES","PRESENT_IN_HTML_OR_ASSET_GRAPH"
"https://jungle.tibaldo.fr/plantes/monstera/albo-variegata","200","https://jungle.tibaldo.fr/plantes/monstera/albo-variegata","74","https://jungle.tibaldo.fr/plantes/monstera/albo-variegata","","1","YES","PRESENT_IN_HTML_OR_ASSET_GRAPH"
"https://jungle.tibaldo.fr/plantes/ficus/elastica","200","https://jungle.tibaldo.fr/plantes/ficus/elastica","74","https://jungle.tibaldo.fr/plantes/ficus/elastica","","1","YES","PRESENT_IN_HTML_OR_ASSET_GRAPH"
"https://jungle.tibaldo.fr/plantes/hoya/carnosa","200","https://jungle.tibaldo.fr/plantes/hoya/carnosa","74","https://jungle.tibaldo.fr/plantes/hoya/carnosa","","1","YES","PRESENT_IN_HTML_OR_ASSET_GRAPH"
"https://jungle.tibaldo.fr/plantes/syngonium/podophyllum","200","https://jungle.tibaldo.fr/plantes/syngonium/podophyllum","74","https://jungle.tibaldo.fr/plantes/syngonium/podophyllum","","1","YES","PRESENT_IN_HTML_OR_ASSET_GRAPH"
"https://jungle.tibaldo.fr/plantes/sansevieria/trifasciata","200","https://jungle.tibaldo.fr/plantes/sansevieria/trifasciata","74","https://jungle.tibaldo.fr/plantes/sansevieria/trifasciata","","1","YES","PRESENT_IN_HTML_OR_ASSET_GRAPH"
"https://jungle.tibaldo.fr/evenements/ouverture-tibaldo-jungle-lille","200","https://jungle.tibaldo.fr/evenements/ouverture-tibaldo-jungle-lille","64","https://jungle.tibaldo.fr/evenements/ouverture-tibaldo-jungle-lille","","1","YES","PRESENT_IN_HTML_OR_ASSET_GRAPH"
